url,genes,len
https://www.ncbi.nlm.nih.gov/Taxonomy/Browser/wwwtax.cgi?id=39026,rbcL,1
https://www.ncbi.nlm.nih.gov/Taxonomy/Browser/wwwtax.cgi?id=460918,psbM,1
https://www.ncbi.nlm.nih.gov/Taxonomy/Browser/wwwtax.cgi?id=460663,"rps7,ndhB,tRNA,psbM,ycf66,petN,trnC-GCA,rpoB,rpoC1,rpoC2,rps2,atpI,atpH,atpF,atpA,trnR-UCU,trnG-GCC,ycf12,psaM,trnS-GCU,psbl,psbK,trnQ-UUG,chlB,trnK,matK,psbA,trnH-GUG,ycf2,trnD-GUC,trnY-GUA,trnE-UGA,trnT-GGU,psbD,psbC,trnS-GGA,psbZ,trnG-UCC,trnfM-CAU,rps14,psaB,psaA,ycf3,trnS-UGA,rps4,trnT-UGU,trnL-UAA,trnF-GAA,ndhJ,ndhK,ndhC,trnV-UAC,trnM-CAU,atpE,atpB,rbcL,trnR-CCG,accD,psal,ycf4,cemA,petA,psbJ,psbL,psbF,psbE,petL,petG,trnW-CCA,trnP-UGG,psaJ,rpl33,rps18,rpl20,rps12,rps12,clpP,psbB,psbT,psbN,psbH,petB,petD,rpoA,rps11,rpl36,infA,rps8,rpl14,rpl16,rps3,rpl22,rps19,rpl2,rpl23,trnI-CAU,trnV-GAC,16S,trnI-GAU,ycf68,trnA-UGC,rrn23,rrn4.5,rrn5,trnR-ACG,trnN-GUU,ndhF,rpl21,rpl32,trnL-UAG,ccsA,ndhD,psaC,ndhE,ndhG,ndhl,ndhA,ndhH,rps15,ycf1,chlN,chlL,trnN-GUU,trnR-ACG,5S,4.5S,23S,trnA-UGC,trnI-GAU,ycf68,16S,trnV-GAC",132
https://www.ncbi.nlm.nih.gov/Taxonomy/Browser/wwwtax.cgi?id=280810,"rpl32,cysT",2
https://www.ncbi.nlm.nih.gov/Taxonomy/Browser/wwwtax.cgi?id=414042,"rpl32,cysT",2
https://www.ncbi.nlm.nih.gov/Taxonomy/Browser/wwwtax.cgi?id=1480154,psbA,1
https://www.ncbi.nlm.nih.gov/Taxonomy/Browser/wwwtax.cgi?id=460918,psbB,1
https://www.ncbi.nlm.nih.gov/Taxonomy/Browser/wwwtax.cgi?id=414042,psbB,1
https://www.ncbi.nlm.nih.gov/Taxonomy/Browser/wwwtax.cgi?id=39026,"psbK,psbI",2
https://www.ncbi.nlm.nih.gov/Taxonomy/Browser/wwwtax.cgi?id=460917,psbC,1
https://www.ncbi.nlm.nih.gov/Taxonomy/Browser/wwwtax.cgi?id=41844,"rps7,ndhB,trnL-CAA,psbM,ycf66,petN,trnC-GCA,rpoB,rpoC1,rpoC2,rps2,atpI,atpH,atpF,atpA,trnR-UCU,trnG-GCC,ycf12,psaM,trnS-GCU,psbI,psbK,trnQ-UUG,chlB,trnK-UUU,matK,psbA,trnH-GUG,ycf2,trnD-GUC,trnY-GUA,trnE-UGA,cysA,trnT-GGU,psbD,psbC,trnS-GGA,psbZ,trnG-UCC,trnfM-CAU,rps14,psaB,psaA,ycf3,trnS-UGA,rps4,trnT-UGU,trnL-UAA,trnF-GAA,ndhJ,ndhK,ndhC,trnV-UAC,trnM-CAU,atpE,atpB,rbcL,trnR-CCG,accD,psaI,ycf4,cemA,petA,psbJ,psbL,psbF,psbE,petL,petG,trnW-CCA,trnP-UGG,psaJ,rpl33,rps18,rpl20,rps12,rps12,clpP,psbB,psbT,psbN,psbH,petB,petD,rpoA,rps11,rpl36,infA,rps8,rpl14,rpl16,rps3,rpl22,rps19,rpl2,rpl23,trnV-GAC,rrn16,trnI-GAU,trnA-UGC,rrn23,rrn4.5,rrn5,trnR-ACG,trnN-GUU,ndhF,rpl21,rpl32,cysT,trnL-UAG,ccsA,ndhD,psaC,ndhE,ndhG,ndhI,ndhA,ndhH,rps15,ycf1,chlN,chlL,trnN-GUU,trnR-ACG,rrn5,rrn4.5,rrn23,trnA-UGC,trnI-GAU,rrn16,trnV-GAC",131
https://www.ncbi.nlm.nih.gov/Taxonomy/Browser/wwwtax.cgi?id=280810,psbC,1
https://www.ncbi.nlm.nih.gov/Taxonomy/Browser/wwwtax.cgi?id=2575589,"rps7,ndhB,tRNA,psbM,ycf66,petN,trnC-GCA,rpoB,rpoC1,rpoC2,rps2,atpI,atpH,atpF,atpA,trnR-UCU,trnG-GCC,ycf12,psaM,trnS-GCU,psbl,psbK,trnQ-UUG,chlB,trnK,matK,psbA,trnH-GUG,ycf2,trnD-GUC,trnY-GUA,trnE-UGA,trnT-GGU,psbD,psbC,trnS-GGA,psbZ,trnG-UCC,trnfM-CAU,rps14,psaB,psaA,ycf3,trnS-UGA,rps4,trnT-UGU,trnL-UAA,trnF-GAA,ndhJ,ndhK,ndhC,trnV-UAC,trnM-CAU,atpE,atpB,rbcL,trnR-CCG,accD,psal,ycf4,cemA,petA,psbJ,psbL,psbF,psbE,petL,petG,trnW-CCA,trnP-UGG,psaJ,rpl33,rps18,rpl20,rps12,rps12,clpP,psbB,psbT,psbN,psbH,petB,petD,rpoA,rps11,rpl36,infA,rps8,rpl14,rpl16,rps3,rpl22,rps19,rpl2,rpl23,trnI-CAU,trnV-GAC,16S,trnI-GAU,ycf68,trnA-UGC,rrn23,rrn4.5,rrn5,trnR-ACG,trnN-GUU,rpl21,rpl32,trnL-UAG,ccsA,ndhD,psaC,ndhE,ndhG,ndhl,ndhA,ndhH,rps15,ycf1,chlN,chlL,trnN-GUU,trnR-ACG,5S,4.5S,23S,trnA-UGC,trnI-GAU,ycf68,16S,trnV-GAC",131
https://www.ncbi.nlm.nih.gov/Taxonomy/Browser/wwwtax.cgi?id=280810,petA,1
https://www.ncbi.nlm.nih.gov/Taxonomy/Browser/wwwtax.cgi?id=39026,petA,1
https://www.ncbi.nlm.nih.gov/Taxonomy/Browser/wwwtax.cgi?id=39026,petA,1
https://www.ncbi.nlm.nih.gov/Taxonomy/Browser/wwwtax.cgi?id=1480153,rps4,1
https://www.ncbi.nlm.nih.gov/Taxonomy/Browser/wwwtax.cgi?id=56939,"trnL-CAA,psbM,ycf66,petN,trnC-GCA,rpoB,rpoC1,rpoC2,rps2,atpI,atpH,atpF,atpA,trnR-UCU,trnG-GCC,ycf12,psaM,trnS-GCU,psbI,psbK,trnQ-UUG,chlB,trnK-UUU,matK,psbA,trnH-GUG,ycf2,trnD-GUC,trnY-GUA,trnE-UUC,cysA,trnT-GGU,psbD,psbC,trnS-UGA,psbZ,trnG-UCC,trnfM-CAU,rps14,psaB,psaA,ycf3,trnS-GGA,rps4,trnT-UGU,trnL-UAA,trnF-GAA,ndhJ,psbG,ndh3,trnV-UAC,trnM-CAU,atpE,atpB,rbcL,trnR-CCG,accD,psaI,ycf4,cemA,petA,psbJ,psbL,psbF,psbE,petL,petG,trnW-CCA,trnP-UGG,psaJ,rpl33,rps18,rpl20,clpP,psbB,psbT,psbN,psbH,petB,petD,rpoA,rps11,infA,rps8,rpl14,rpl16,rps3,rpl22,rps19,rpl2,rpl23,trnI-CAU,ndh2,rps7,rps12,rps12,trnV-GAC,rrn16,trnI-GAU,ycf68,trnA-UGC,rrn23,rrn4.5,rrn5,trnR-ACG,trnN-GUU,ndh5,rpl21,rpl32,trnL-UAG,ccsA,ndh4,frxA,ndh4L,ndhG,frxB,ndh1,ndhH,rps15,ycf1,chlN,frxC,trnN-GUU,trnR-ACG,rrn5,rrn4.5,rrn23,trnA-UGC,trnI-GAU,ycf68,rrn16,trnV-GAC",132
https://www.ncbi.nlm.nih.gov/Taxonomy/Browser/wwwtax.cgi?id=362796,"rps7,ndhB,tRNA,psbM,ycf66,petN,trnC-GCA,rpoB,rpoC1,rpoC2,rps2,atpI,atpH,atpF,atpA,trnR-UCU,trnG-GCC,ycf12,psaM,trnS-GCU,psbl,psbK,trnQ-UUG,chlB,trnK,matK,psbA,trnH-GUG,ycf2,trnD-GUC,trnY-GUA,trnE-UGA,trnT-GGU,psbD,psbC,trnS-GGA,psbZ,trnG-UCC,trnfM-CAU,rps14,psaB,psaA,ycf3,trnS-UGA,rps4,trnT-UGU,trnL-UAA,trnF-GAA,ndhJ,ndhK,ndhC,trnV-UAC,trnM-CAU,atpE,atpB,rbcL,trnR-CCG,accD,psal,ycf4,cemA,petA,psbJ,psbL,psbF,psbE,petL,petG,trnW-CCA,trnP-UGG,psaJ,rpl33,rps18,rpl20,rps12,rps12,clpP,psbB,psbT,psbN,psbH,petB,petD,rpoA,rps11,rpl36,infA,rps8,rpl14,rpl16,rps3,rpl22,rps19,rpl2,rpl23,trnI-CAU,trnV-GAC,16S,trnI-GAU,ycf68,trnA-UGC,rrn23,rrn4.5,rrn5,trnR-ACG,trnN-GUU,ndhF,rpl21,rpl32,trnL-UAG,ccsA,ndhD,psaC,ndhE,ndhG,ndhl,ndhA,ndhH,rps15,ycf1,chlN,chlL,trnN-GUU,trnR-ACG,5S,4.5S,23S,trnA-UGC,trnI-GAU,ycf68,16S,trnV-GAC",132
https://www.ncbi.nlm.nih.gov/Taxonomy/Browser/wwwtax.cgi?id=280810,psbB,1
https://www.ncbi.nlm.nih.gov/Taxonomy/Browser/wwwtax.cgi?id=373807,"rpl32,cysT",2
https://www.ncbi.nlm.nih.gov/Taxonomy/Browser/wwwtax.cgi?id=460917,psbD,1
https://www.ncbi.nlm.nih.gov/Taxonomy/Browser/wwwtax.cgi?id=460913,"rpl32,cysT",2
https://www.ncbi.nlm.nih.gov/Taxonomy/Browser/wwwtax.cgi?id=280810,psbC,1
https://www.ncbi.nlm.nih.gov/Taxonomy/Browser/wwwtax.cgi?id=280810,petA,1
https://www.ncbi.nlm.nih.gov/Taxonomy/Browser/wwwtax.cgi?id=460916,"rpl32,cysT",2
https://www.ncbi.nlm.nih.gov/Taxonomy/Browser/wwwtax.cgi?id=280810,psbB,1
https://www.ncbi.nlm.nih.gov/Taxonomy/Browser/wwwtax.cgi?id=39026,rbcL,1
https://www.ncbi.nlm.nih.gov/Taxonomy/Browser/wwwtax.cgi?id=269546,"psbK,psbI",2
https://www.ncbi.nlm.nih.gov/Taxonomy/Browser/wwwtax.cgi?id=460922,rbcL,1
https://www.ncbi.nlm.nih.gov/Taxonomy/Browser/wwwtax.cgi?id=280810,petL,1
https://www.ncbi.nlm.nih.gov/Taxonomy/Browser/wwwtax.cgi?id=215256,"rps7,ndhB,trnL-CAA,psbM,ycf66,petN,trnC-GCA,rpoB,rpoC1,rpoC2,rps2,atpI,atpH,atpF,atpA,trnR-UCU,trnG-UCC,ycf12,psaM,trnS-GCU,psbl,psbK,trnQ-UUG,chlB,trnK-UUU,matK,psbA,trnH-GUG,ycf2,trnD-GUC,trnY-GUA,trnE-UUC,trnT-GGU,psbD,psbC,trnS-UGA,psbZ,trnG-GCC,trnfM-CAU,rps14,psaB,psaA,pafI,trnS-GGA,rps4,trnT-UGU,trnL-UAA,trnF-GAA,ndhJ,ndhK,ndhC,trnV-UAC,trnM-CAU,atpE,atpB,rbcL,trnR-CCG,accD,psal,pafII,cemA,petA,psbJ,psbL,psbF,psbE,petL,petG,trnW-CCA,trnP-UGG,psaJ,rpl33,rps18,rpl20,rps12,rps12,clpP,psbB,psbT,psbN,psbH,petB,petD,rpoA,rps11,rpl36,infA,rps8,rpl14,rpl16,rps3,rpl22,rps19,rpl2,rpl23,trnI-CAU,trnV-GAC,16S,trnI-GAU,trnA-UGC,rrn23,rrn4.5,rrn5,trnR-ACG,trnN-GUU,ndhF,rpl21,rpl32,trnL-UAG,ccsA,ndhD,psaC,ndhE,ndhG,ndhl,ndhA,ndhH,rps15,ORF474,ycf1,chlN,chlL,trnN-GUU,trnR-ACG,5S,4.5S,23S,trnA-UGC,trnI-GAU,16S,trnV-GAC",131
https://www.ncbi.nlm.nih.gov/Taxonomy/Browser/wwwtax.cgi?id=1480153,psbA,1
https://www.ncbi.nlm.nih.gov/Taxonomy/Browser/wwwtax.cgi?id=280810,cysA,1
https://www.ncbi.nlm.nih.gov/Taxonomy/Browser/wwwtax.cgi?id=93925,psbA,1
https://www.ncbi.nlm.nih.gov/Taxonomy/Browser/wwwtax.cgi?id=39026,"rpl32,cysT",2
https://www.ncbi.nlm.nih.gov/Taxonomy/Browser/wwwtax.cgi?id=414042,"psbK,psbI",2
https://www.ncbi.nlm.nih.gov/Taxonomy/Browser/wwwtax.cgi?id=1480154,psbA,1
https://www.ncbi.nlm.nih.gov/Taxonomy/Browser/wwwtax.cgi?id=280810,petN,1
https://www.ncbi.nlm.nih.gov/Taxonomy/Browser/wwwtax.cgi?id=280810,"ndhF,trnN",2
https://www.ncbi.nlm.nih.gov/Taxonomy/Browser/wwwtax.cgi?id=1480152,matK,1
https://www.ncbi.nlm.nih.gov/Taxonomy/Browser/wwwtax.cgi?id=39026,"psbK,psbI",2
https://www.ncbi.nlm.nih.gov/Taxonomy/Browser/wwwtax.cgi?id=2854286,"rps7,ndhB,trnL-CAA,psbM,ycf66,petN,trnC-GCA,rpoB,rpoC1,rpoC2,rps2,atpI,atpH,atpF,atpA,trnR-UCU,trnG-GCC,ycf12,psaM,trnS-GCU,psbI,psbK,trnQ-UUG,chlB,trnK-UUU,matK,psbA,trnH-GUG,ycf2,trnD-GUC,trnY-GUA,trnE-UUC,cysA,trnT-GGU,psbD,psbC,trnS-UGA,psbZ,trnG-UCC,trnfM-CAU,rps14,psaB,psaA,ycf3,trnS-GGA,rps4,trnT-UGU,trnL-UAA,trnF-GAA,ndhJ,ndhK,ndhC,trnV-UAC,trnM-CAU,atpE,atpB,rbcL,trnR-CCG,accD,psaI,ycf4,cemA,petA,psbJ,psbL,psbF,psbE,petL,petG,trnW-CCA,trnP-UGG,psaJ,rpl33,rps18,rpl20,rps12,rps12,clpP,psbB,psbT,psbN,psbH,petB,petD,rpoA,rps11,rpl36,infA,rps8,rpl14,rpl16,rps3,rpl22,rps19,rpl2,rpl23,trnI-CAU,trnV-GAC,16S,trnI-GAU,ycf68,trnA-UGC,rrn23,rrn4.5,rrn5,trnR-ACG,trnN-GUU,ndhF,rpl21,rpl32,cysT,trnL-UAG,ccsA,ndhD,psaC,ndhE,ndhG,ndhI,ndhA,ndhH,rps15,ycf1,chlN,chlL,trnN-GUU,trnR-ACG,5S,4.5S,23S,trnA-UGC,trnI-GAU,ycf68,16S,trnV-GAC",134
https://www.ncbi.nlm.nih.gov/Taxonomy/Browser/wwwtax.cgi?id=1480152,rps4,1
https://www.ncbi.nlm.nih.gov/Taxonomy/Browser/wwwtax.cgi?id=460917,rbcL,1
https://www.ncbi.nlm.nih.gov/Taxonomy/Browser/wwwtax.cgi?id=1480154,rps4,1
https://www.ncbi.nlm.nih.gov/Taxonomy/Browser/wwwtax.cgi?id=460922,psbM,1
https://www.ncbi.nlm.nih.gov/Taxonomy/Browser/wwwtax.cgi?id=1480153,rps4,1
https://www.ncbi.nlm.nih.gov/Taxonomy/Browser/wwwtax.cgi?id=280810,psbB,1
https://www.ncbi.nlm.nih.gov/Taxonomy/Browser/wwwtax.cgi?id=1480154,psbA,1
https://www.ncbi.nlm.nih.gov/Taxonomy/Browser/wwwtax.cgi?id=280810,"psbK,psbI",2
https://www.ncbi.nlm.nih.gov/Taxonomy/Browser/wwwtax.cgi?id=39026,cysA,1
https://www.ncbi.nlm.nih.gov/Taxonomy/Browser/wwwtax.cgi?id=56917,"rps7,ndhB,psbM,ycf66,petN,rpoB,rpoC1,rpoC2,rps2,atpI,atpH,atpF,atpA,ycf12,psaM,psbI,psbK,chlB,matK,psbA,ycf2,cysA,psbD,psbC,psbZ,rps14,psaB,psaA,pafI,rps4,ndhJ,ndhK,ndhC,atpE,atpB,rbcL,accD,psaI,pafII,cemA,petA,psbJ,psbL,psbF,psbE,petL,petG,psaJ,rpl33,rps18,rpl20,rps12,rps12,clpP,psbB,psbT,psbN,psbH,petB,petD,rpoA,rps11,rpl36,infA,rps8,rpl14,rpl16,rps3,rpl22,rps19,rpl2,rpl23,ndhF,rpl21,rpl32,cysT,ccsA,ndhD,psaC,ndhE,ndhG,ndhI,ndhA,ndhH,rps15,ycf1,tic214,chlN,chlL",89
https://www.ncbi.nlm.nih.gov/Taxonomy/Browser/wwwtax.cgi?id=269546,"psbK,psbI",2
https://www.ncbi.nlm.nih.gov/Taxonomy/Browser/wwwtax.cgi?id=179049,"rps7,ndhB,trnL-CAA,psbM,ycf66,petN,trnC-GCA,rpoB,rpoC1,rpoC2,rps2,atpI,atpH,atpF,atpA,trnR-UCU,trnG-UCC,ycf12,psaM,trnS-GCU,psbI,psbK,trnQ-UUG,chlB,trnK-UUU,matK,psbA,trnH-GUG,ycf2,trnD-GUC,trnY-GUA,trnE-UUC,cysA,psbD,psbC,trnS-UGA,psbZ,trnG-GCC,trnfM-CAU,rps14,psaB,psaA,pafI,trnS-GGA,rps4,trnT-UGU,trnL-UAA,trnF-GAA,ndhJ,ndhK,ndhC,trnV-UAC,trnM-CAU,atpE,atpB,rbcL,trnR-CCG,accD,psal,pafII,cemA,petA,psbJ,psbL,psbF,psbE,petL,petG,trnW-CCA,trnP-UGG,psaJ,rpl33,rps18,rpl20,rps12,rps12,clpP,psbB,psbT,psbN,psbH,petB,petD,rpoA,rps11,rpl36,infA,rps8,rpl14,rpl16,rps3,rpl22,rps19,rpl2,rpl23,trnI-CAU,trnV-GAC,16S,trnI-GAU,trnA-UGC,rrn23,rrn4.5,rrn5,trnR-ACG,trnN-GUU,ndhF,rpl21,rpl32,cysT,trnL-UAG,ccsA,ndhD,psaC,ndhE,ndhG,ndhl,ndhA,ndhH,rps15,ORF474,ycf1,chlN,chlL,trnN-GUU,trnR-ACG,5S,4.5S,23S,trnA-UGC,trnI-GAU,16S,trnV-GAC",132
https://www.ncbi.nlm.nih.gov/Taxonomy/Browser/wwwtax.cgi?id=41839,"rps7,ndhB,trnL-CAA,psbM,ycf66,petN,trnC-GCA,rpoB,rpoC1,rpoC2,rps2,atpI,atpH,atpF,atpA,trnR-UCU,trnG-GCC,ycf12,psaM,trnS-GCU,psbI,psbK,trnQ-UUG,chlB,trnK-UUU,matK,psbA,trnH-GUG,ycf2,trnD-GUC,trnY-GUA,trnE-UGA,cysA,trnT-GGU,psbD,psbC,trnS-GGA,psbZ,trnG-UCC,trnfM-CAU,rps14,psaB,psaA,ycf3,trnS-UGA,rps4,trnT-UGU,trnL-UAA,trnF-GAA,ndhJ,ndhK,ndhC,trnV-UAC,trnM-CAU,atpE,atpB,rbcL,trnR-CCG,accD,psaI,ycf4,cemA,petA,psbJ,psbL,psbF,psbE,petL,petG,trnW-CCA,trnP-UGG,psaJ,rpl33,rps18,rpl20,rps12,rps12,clpP,psbB,psbT,psbN,psbH,petB,petD,rpoA,rps11,rpl36,infA,rps8,rpl14,rpl16,rps3,rpl22,rps19,rpl2,rpl23,trnV-GAC,rrn16,trnI-GAU,trnA-UGC,rrn23,rrn4.5,rrn5,trnR-ACG,trnN-GUU,ndhF,rpl21,rpl32,cysT,trnL-UAG,ccsA,ndhD,psaC,ndhE,ndhG,ndhI,ndhA,ndhH,rps15,ycf1,chlN,chlL,trnN-GUU,trnR-ACG,rrn5,rrn4.5,rrn23,trnA-UGC,trnI-GAU,rrn16,trnV-GAC",131
https://www.ncbi.nlm.nih.gov/Taxonomy/Browser/wwwtax.cgi?id=460923,petA,1
https://www.ncbi.nlm.nih.gov/Taxonomy/Browser/wwwtax.cgi?id=56939,"trnL-CAA,psbM,ycf66,petN,trnC-GCA,rpoB,rpoC1,rpoC2,rps2,atpI,atpH,atpF,atpA,trnR-UCU,trnG-GCC,ycf12,psaM,trnS-GCU,psbI,psbK,trnQ-UUG,chlB,trnK-UUU,matK,psbA,trnH-GUG,ycf2,trnD-GUC,trnY-GUA,trnE-UUC,cysA,trnT-GGU,psbD,psbC,trnS-UGA,psbZ,trnG-UCC,trnfM-CAU,rps14,psaB,psaA,ycf3,trnS-GGA,rps4,trnT-UGU,trnL-UAA,trnF-GAA,ndhJ,psbG,ndh3,trnV-UAC,trnM-CAU,atpE,atpB,rbcL,trnR-CCG,accD,psaI,ycf4,cemA,petA,psbJ,psbL,psbF,psbE,petL,petG,trnW-CCA,trnP-UGG,psaJ,rpl33,rps18,rpl20,clpP,psbB,psbT,psbN,psbH,petB,petD,rpoA,rps11,infA,rps8,rpl14,rpl16,rps3,rpl22,rps19,rpl2,rpl23,trnI-CAU,ndh2,rps7,rps12,rps12,trnV-GAC,rrn16,trnI-GAU,ycf68,trnA-UGC,rrn23,rrn4.5,rrn5,trnR-ACG,trnN-GUU,ndh5,rpl21,rpl32,trnL-UAG,ccsA,ndh4,frxA,ndh4L,ndhG,frxB,ndh1,ndhH,rps15,ycf1,chlN,frxC,trnN-GUU,trnR-ACG,rrn5,rrn4.5,rrn23,trnA-UGC,trnI-GAU,ycf68,rrn16,trnV-GAC",132
https://www.ncbi.nlm.nih.gov/Taxonomy/Browser/wwwtax.cgi?id=1186967,"rps7,ndhB,tRNA,psbM,ycf66,petN,trnC-GCA,rpoB,rpoC1,rpoC2,rps2,atpI,atpH,atpF,atpA,trnR-UCU,trnG-GCC,ycf12,psaM,trnS-GCU,psbl,psbK,trnQ-UUG,chlB,trnK,matK,psbA,trnH-GUG,ycf2,trnD-GUC,trnY-GUA,trnE-UGA,trnT-GGU,psbD,psbC,trnS-GGA,psbZ,trnG-UCC,trnfM-CAU,rps14,psaB,psaA,ycf3,trnS-UGA,rps4,trnT-UGU,trnL-UAA,trnF-GAA,ndhJ,ndhK,ndhC,trnV-UAC,trnM-CAU,atpE,atpB,rbcL,trnR-CCG,accD,psal,ycf4,cemA,petA,psbJ,psbL,psbF,psbE,petL,petG,trnW-CCA,trnP-UGG,psaJ,rpl33,rps18,rpl20,rps12,rps12,clpP,psbB,psbT,psbN,psbH,petB,petD,rpoA,rps11,rpl36,infA,rps8,rpl14,rpl16,rps3,rpl22,rps19,rpl2,rpl23,trnI-CAU,trnV-GAC,16S,trnI-GAU,trnA-UGC,rrn23,rrn4.5,rrn5,trnR-ACG,trnN-GUU,ndhD,psaC,ndhE,ndhG,ndhI,ndhA,ndhH,rps15,ycf1,chlN,chlL,trnN-GUU,trnR-ACG,5S,4.5S,23S,trnA-UGC,trnI-GAU,16S,trnV-GAC",125
https://www.ncbi.nlm.nih.gov/Taxonomy/Browser/wwwtax.cgi?id=1480152,matK,1
https://www.ncbi.nlm.nih.gov/Taxonomy/Browser/wwwtax.cgi?id=460920,psbB,1
https://www.ncbi.nlm.nih.gov/Taxonomy/Browser/wwwtax.cgi?id=460920,"rpl32,cysT",2
https://www.ncbi.nlm.nih.gov/Taxonomy/Browser/wwwtax.cgi?id=280810,psbK,1
https://www.ncbi.nlm.nih.gov/Taxonomy/Browser/wwwtax.cgi?id=39026,cysA,1
https://www.ncbi.nlm.nih.gov/Taxonomy/Browser/wwwtax.cgi?id=280810,psbC,1
https://www.ncbi.nlm.nih.gov/Taxonomy/Browser/wwwtax.cgi?id=280810,petN,1
https://www.ncbi.nlm.nih.gov/Taxonomy/Browser/wwwtax.cgi?id=280810,psbB,1
https://www.ncbi.nlm.nih.gov/Taxonomy/Browser/wwwtax.cgi?id=280810,psbC,1
https://www.ncbi.nlm.nih.gov/Taxonomy/Browser/wwwtax.cgi?id=460916,psaB,1
https://www.ncbi.nlm.nih.gov/Taxonomy/Browser/wwwtax.cgi?id=357981,"rps7,ndhB,trnL-CAA,psbM,ycf66,petN,trnC-GCA,rpoB,rpoC1,rpoC2,rps2,atpI,atpH,atpF,atpA,trnR-UCU,trnG-GCC,ycf12,psaM,trnS-GCU,psbI,psbK,trnQ-UUG,chlB,trnK-UUU,matK,psbA,trnH-GUG,ycf2,trnD-GUC,trnY-GUA,trnE-UGA,cysA,trnT-GGU,psbD,psbC,trnS-GGA,psbZ,trnG-UCC,trnfM-CAU,rps14,psaB,psaA,ycf3,trnS-UGA,rps4,trnT-UGU,trnL-UAA,trnF-GAA,ndhJ,ndhK,ndhC,trnV-UAC,trnM-CAU,atpE,atpB,rbcL,trnR-CCG,accD,psaI,ycf4,cemA,petA,psbJ,psbL,psbF,psbE,petL,petG,trnW-CCA,trnP-UGG,psaJ,rpl33,rps18,rpl20,rps12,rps12,clpP,psbB,psbT,psbN,psbH,petB,petD,rpoA,rps11,rpl36,infA,rps8,rpl14,rpl16,rps3,rpl22,rps19,rpl2,rpl23,rps7,trnV-GAC,rrn16,trnI-GAU,trnA-UGC,rrn23,rrn4.5,rrn5,trnR-ACG,trnN-GUU,ndhF,rpl21,rpl32,cysT,trnL-UAG,ccsA,ndhD,psaC,ndhE,ndhG,ndhI,ndhA,ndhH,rps15,ycf1,chlN,chlL,trnN-GUU,trnR-ACG,rrn5,rrn4.5,rrn23,trnA-UGC,trnI-GAU,rrn16,trnV-GAC",132
https://www.ncbi.nlm.nih.gov/Taxonomy/Browser/wwwtax.cgi?id=269546,psbB,1
https://www.ncbi.nlm.nih.gov/Taxonomy/Browser/wwwtax.cgi?id=280810,"rpl32,cysT",2
https://www.ncbi.nlm.nih.gov/Taxonomy/Browser/wwwtax.cgi?id=2846792,"rps7,ndhB,trnL-CAA,psbM,ycf66,petN,trnC-GCA,rpoB,rpoC1,rpoC2,rps2,atpI,atpH,atpF,atpA,trnR-UCU,trnG-GCC,ycf12,psaM,trnS-GCU,psbI,psbK,trnQ-UUG,chlB,trnK-UUU,matK,psbA,trnH-GUG,ycf2,trnD-GUC,trnY-GUA,trnE-UUC,trnT-GGU,psbD,psbC,trnS-UGA,psbZ,trnG-UCC,trnfM-CAU,rps14,psaB,psaA,ycf3,trnS-GGA,rps4,trnT-UGU,trnL-UAA,trnF-GAA,ndhJ,ndhK,ndhC,trnV-UAC,trnM-CAU,atpE,atpB,rbcL,trnR-CCG,accD,psaI,ycf4,cemA,petA,psbJ,psbL,psbF,psbE,petL,petG,trnW-CCA,trnP-UGG,psaJ,rpl33,rps18,rpl20,rps12,rps12,clpP,psbB,psbT,psbN,psbH,petB,petD,rpoA,rps11,rpl36,infA,rps8,rpl14,rpl16,rps3,rpl22,rps19,rpl2,rpl23,trnI-CAU,trnV-GAC,rrn16,trnI-GAU,trnA-UGC,rrn23,rrn4.5,rrn5,trnR-ACG,trnN-GUU,ndhF,rpl21,rpl32,cysT,trnL-UAG,ccsA,ndhD,psaC,ndhE,ndhG,ndhI,ndhA,ndhH,rps15,ycf1-2,ycf1,chlN,chlL,trnN-GUU,trnR-ACG,5S,4.5S,23S,trnA-UGC,trnI-GAU,rrn16,trnV-GAC",132
https://www.ncbi.nlm.nih.gov/Taxonomy/Browser/wwwtax.cgi?id=280810,cysA,1
https://www.ncbi.nlm.nih.gov/Taxonomy/Browser/wwwtax.cgi?id=373807,psbB,1
https://www.ncbi.nlm.nih.gov/Taxonomy/Browser/wwwtax.cgi?id=460917,psbM,1
https://www.ncbi.nlm.nih.gov/Taxonomy/Browser/wwwtax.cgi?id=1480154,rps4,1
https://www.ncbi.nlm.nih.gov/Taxonomy/Browser/wwwtax.cgi?id=414042,"rpl32,cysT",2
https://www.ncbi.nlm.nih.gov/Taxonomy/Browser/wwwtax.cgi?id=1480154,psbA,1
https://www.ncbi.nlm.nih.gov/Taxonomy/Browser/wwwtax.cgi?id=414193,"rps7,ndhB,tRNA,psbM,ycf66,petN,trnC-GCA,rpoB,rpoC1,rpoC2,rps2,atpI,atpH,atpF,atpA,trnR-UCU,trnG-GCC,ycf12,psaM,trnS-GCU,psbl,psbK,trnQ-UUG,chlB,trnK,matK,psbA,trnH-GUG,ycf2,trnD-GUC,trnY-GUA,trnE-UGA,trnT-GGU,psbD,psbC,trnS-GGA,psbZ,trnG-UCC,trnfM-CAU,rps14,psaB,psaA,ycf3,trnS-UGA,rps4,trnT-UGU,trnL-UAA,trnF-GAA,ndhJ,ndhK,ndhC,trnV-UAC,trnM-CAU,atpE,atpB,rbcL,trnR-CCG,accD,psal,ycf4,cemA,petA,psbJ,psbL,psbF,psbE,petL,petG,trnW-CCA,trnP-UGG,psaJ,rpl33,rps18,rpl20,rps12,rps12,clpP,psbB,psbT,psbN,psbH,petB,petD,rpoA,rps11,rpl36,infA,rps8,rpl14,rpl16,rps3,rpl22,rps19,rpl2,rpl23,trnI-CAU,trnV-GAC,16S,trnI-GAU,trnA-UGC,rrn23,rrn4.5,rrn5,trnR-ACG,trnN-GUU,ndhF,rpl21,rpl32,trnL-UAG,ccsA,ndhD,psaC,ndhE,ndhG,ndhl,ndhA,ndhH,rps15,ycf1,chlN,chlL,trnN-GUU,trnR-ACG,5S,4.5S,23S,trnA-UGC,trnI-GAU,16S,trnV-GAC",130
https://www.ncbi.nlm.nih.gov/Taxonomy/Browser/wwwtax.cgi?id=460922,psbB,1
https://www.ncbi.nlm.nih.gov/Taxonomy/Browser/wwwtax.cgi?id=280810,"ndhC,ndhJ",2
https://www.ncbi.nlm.nih.gov/Taxonomy/Browser/wwwtax.cgi?id=203655,"rps7,ndhB,trnL-CAA,psbM,ycf66,petN,trnC-GCA,rpoB,rpoC1,rpoC2,rps2,atpI,atpH,atpF,atpA,trnR-UCU,trnG-GCC,ycf12,psaM,trnS-GCU,psbI,psbK,trnQ-UUG,chlB,trnK-UUU,matK,psbA,trnH-GUG,ycf2,trnD-GUC,trnY-GUA,trnE-UUC,trnT-GGU,psbD,psbC,trnS-UGA,psbZ,trnG-UCC,trnfM-CAU,rps14,psaB,psaA,ycf3,trnS-GGA,rps4,trnT-UGU,trnL-UAA,trnF-GAA,ndhJ,ndhK,ndhC,trnV-UAC,trnM-CAU,atpE,atpB,rbcL,trnR-CCG,accD,psaI,ycf4,cemA,petA,psbJ,psbL,psbF,psbE,petL,petG,trnW-CCA,trnP-UGG,psaJ,rpl33,rps18,rpl20,rps12,rps12,clpP,psbB,psbT,psbN,psbH,petB,petD,rpoA,rps11,rpl36,infA,rps8,rpl14,rpl16,rps3,rpl22,rps19,rpl2,rpl23,trnI-CAU,trnV-GAC,rrn16,trnI-GAU,trnA-UGC,rrn23,rrn4.5,rrn5,trnR-ACG,trnN-GUU,ndhF,rpl21,rpl32,cysT,trnL-UAG,ccsA,ndhD,psaC,ndhE,ndhG,ndhI,ndhA,ndhH,rps15,ycf1-2,ycf1,chlN,chlL,trnN-GUU,trnR-ACG,5S,4.5S,23S,trnA-UGC,trnI-GAU,rrn16,trnV-GAC",132
https://www.ncbi.nlm.nih.gov/Taxonomy/Browser/wwwtax.cgi?id=460919,"psbK,psbI",2
https://www.ncbi.nlm.nih.gov/Taxonomy/Browser/wwwtax.cgi?id=414042,petA,1
https://www.ncbi.nlm.nih.gov/Taxonomy/Browser/wwwtax.cgi?id=460914,psaB,1
https://www.ncbi.nlm.nih.gov/Taxonomy/Browser/wwwtax.cgi?id=280810,"ndhC,ndhJ",2
https://www.ncbi.nlm.nih.gov/Taxonomy/Browser/wwwtax.cgi?id=39026,psbC,1
https://www.ncbi.nlm.nih.gov/Taxonomy/Browser/wwwtax.cgi?id=179049,"rps7,ndhB,trnL-CAA,psbM,ycf66,petN,trnC-GCA,rpoB,rpoC1,rpoC2,rps2,atpI,atpH,atpF,atpA,trnR-UCU,trnG-UCC,ycf12,psaM,trnS-GCU,psbI,psbK,trnQ-UUG,chlB,trnK-UUU,matK,psbA,trnH-GUG,ycf2,trnD-GUC,trnY-GUA,trnE-UUC,cysA,psbD,psbC,trnS-UGA,psbZ,trnG-GCC,trnfM-CAU,rps14,psaB,psaA,pafI,trnS-GGA,rps4,trnT-UGU,trnL-UAA,trnF-GAA,ndhJ,ndhK,ndhC,trnV-UAC,trnM-CAU,atpE,atpB,rbcL,trnR-CCG,accD,psal,pafII,cemA,petA,psbJ,psbL,psbF,psbE,petL,petG,trnW-CCA,trnP-UGG,psaJ,rpl33,rps18,rpl20,rps12,rps12,clpP,psbB,psbT,psbN,psbH,petB,petD,rpoA,rps11,rpl36,infA,rps8,rpl14,rpl16,rps3,rpl22,rps19,rpl2,rpl23,trnI-CAU,trnV-GAC,16S,trnI-GAU,trnA-UGC,rrn23,rrn4.5,rrn5,trnR-ACG,trnN-GUU,ndhF,rpl21,rpl32,cysT,trnL-UAG,ccsA,ndhD,psaC,ndhE,ndhG,ndhl,ndhA,ndhH,rps15,ORF474,ycf1,chlN,chlL,trnN-GUU,trnR-ACG,5S,4.5S,23S,trnA-UGC,trnI-GAU,16S,trnV-GAC",132
https://www.ncbi.nlm.nih.gov/Taxonomy/Browser/wwwtax.cgi?id=2575589,"rps7,ndhB,tRNA,psbM,ycf66,petN,trnC-GCA,rpoB,rpoC1,rpoC2,rps2,atpI,atpH,atpF,atpA,trnR-UCU,trnG-GCC,ycf12,psaM,trnS-GCU,psbl,psbK,trnQ-UUG,chlB,trnK,matK,psbA,trnH-GUG,ycf2,trnD-GUC,trnY-GUA,trnE-UGA,trnT-GGU,psbD,psbC,trnS-GGA,psbZ,trnG-UCC,trnfM-CAU,rps14,psaB,psaA,ycf3,trnS-UGA,rps4,trnT-UGU,trnL-UAA,trnF-GAA,ndhJ,ndhK,ndhC,trnV-UAC,trnM-CAU,atpE,atpB,rbcL,trnR-CCG,accD,psal,ycf4,cemA,petA,psbJ,psbL,psbF,psbE,petL,petG,trnW-CCA,trnP-UGG,psaJ,rpl33,rps18,rpl20,rps12,rps12,clpP,psbB,psbT,psbN,psbH,petB,petD,rpoA,rps11,rpl36,infA,rps8,rpl14,rpl16,rps3,rpl22,rps19,rpl2,rpl23,trnI-CAU,trnV-GAC,16S,trnI-GAU,ycf68,trnA-UGC,rrn23,rrn4.5,rrn5,trnR-ACG,trnN-GUU,rpl21,rpl32,trnL-UAG,ccsA,ndhD,psaC,ndhE,ndhG,ndhl,ndhA,ndhH,rps15,ycf1,chlN,chlL,trnN-GUU,trnR-ACG,5S,4.5S,23S,trnA-UGC,trnI-GAU,ycf68,16S,trnV-GAC",131
https://www.ncbi.nlm.nih.gov/Taxonomy/Browser/wwwtax.cgi?id=280810,psbM,1
https://www.ncbi.nlm.nih.gov/Taxonomy/Browser/wwwtax.cgi?id=2575587,"rps7,ndhB,tRNA,psbM,ycf66,petN,trnC-GCA,rpoB,rpoC1,rpoC2,rps2,atpI,atpH,atpF,atpA,trnR-UCU,trnG-GCC,ycf12,psaM,trnS-GCU,psbl,psbK,trnQ-UUG,chlB,trnK,matK,psbA,trnH-GUG,ycf2,trnD-GUC,trnY-GUA,trnE-UGA,trnT-GGU,psbD,psbC,trnS-GGA,psbZ,trnG-UCC,trnfM-CAU,rps14,psaB,psaA,ycf3,trnS-UGA,rps4,trnT-UGU,trnL-UAA,trnF-GAA,ndhJ,ndhK,ndhC,trnV-UAC,trnM-CAU,atpE,atpB,rbcL,trnR-CCG,accD,psal,ycf4,cemA,petA,psbJ,psbL,psbF,psbE,petL,petG,trnW-CCA,trnP-UGG,psaJ,rpl33,rps18,rpl20,rps12,rps12,clpP,psbB,psbT,psbN,psbH,petB,petD,rpoA,rps11,rpl36,infA,rps8,rpl14,rpl16,rps3,rpl22,rps19,rpl2,rpl23,trnI-CAU,trnV-GAC,16S,trnI-GAU,ycf68,trnA-UGC,rrn23,rrn4.5,rrn5,trnR-ACG,trnN-GUU,ndhF,rpl21,rpl32,trnL-UAG,ccsA,ndhD,psaC,ndhE,ndhG,ndhl,ndhA,ndhH,rps15,ycf1,chlN,chlL,trnN-GUU,trnR-ACG,5S,4.5S,23S,trnA-UGC,trnI-GAU,ycf68,16S,trnV-GAC",132
https://www.ncbi.nlm.nih.gov/Taxonomy/Browser/wwwtax.cgi?id=264774,"rps7,ndhB,trnL-CAA,psbM,ycf66,petN,trnC-GCA,rpoB,rpoC1,rpoC2,rps2,atpI,atpH,atpF,atpA,trnR-UCU,trnG-GCC,ycf12,psaM,trnS-GCU,psbI,psbK,trnQ-UUG,chlB,trnK-UUU,matK,psbA,trnH-GUG,ycf2,trnD-GUC,trnY-GUA,trnE-UUC,cysA,trnT-GGU,psbD,psbC,trnS-UGA,psbZ,trnG-UCC,trnfM-CAU,rps14,psaB,psaA,ycf3,trnS-GGA,rps4,trnT-UGU,trnL-UAA,trnF-GAA,ndhJ,ndhK,ndhC,trnV-UAC,trnM-CAU,atpE,atpB,rbcL,trnR-CCG,accD,psaI,ycf4,cemA,petA,psbJ,psbL,psbF,psbE,petL,petG,trnW-CCA,trnP-UGG,psaJ,rpl33,rps18,rpl20,rps12,rps12,clpP,psbB,psbT,psbN,psbH,petB,petD,rpoA,rps11,rpl36,infA,rps8,rpl14,rpl16,rps3,rpl22,rps19,rpl2,rpl23,trnI-CAU,trnV-GAC,rrn16,trnI-GAU,trnA-UGC,rrn23,rrn4.5,rrn5,trnR-ACG,trnN-GUU,ndhF,rpl21,rpl32,cysT,trnL-UAG,ccsA,ndhD,psaC,ndhE,ndhG,ndhI,ndhA,ndhH,rps15,ycf1-2,ycf1,chlN,chlL,trnN-GUU,trnR-ACG,5S,4.5S,23S,trnA-UGC,trnI-GAU,rrn16,trnV-GAC",133
https://www.ncbi.nlm.nih.gov/Taxonomy/Browser/wwwtax.cgi?id=460922,petA,1
https://www.ncbi.nlm.nih.gov/Taxonomy/Browser/wwwtax.cgi?id=460922,"rpl32,cysT",2
https://www.ncbi.nlm.nih.gov/Taxonomy/Browser/wwwtax.cgi?id=209793,"rps7,ndhB,trnL-CAA,psbM,ycf66,petN,trnC-GCA,rpoB,rpoC1,rpoC2,rps2,atpI,atpH,atpF,atpA,trnR-UCU,trnG-UCC,ycf12,psaM,trnS-GCU,psbI,psbK,trnQ-UUG,chlB,trnK-UUU,matK,psbA,trnH-GUG,ycf2,trnD-GUC,trnY-GUA,trnE-UUC,cysA,trnT-GGU,psbD,psbC,trnS-UGA,psbZ,trnG-UCC,trnfM-CAU,rps14,psaB,psaA,ycf3,trnS-GGA,rps4,trnT-UGU,trnL-UAA,trnF-GAA,ndhJ,ndhK,ndhC,trnV-UAC,trnM-CAU,atpE,atpB,rbcL,trnR-CCG,accD,psaI,ycf4,cemA,petA,psbJ,psbL,psbF,psbE,petL,petG,trnW-CCA,trnP-UGG,psaJ,rpl33,rps18,rpl20,rps12,rps12,clpP,psbB,psbT,psbN,psbH,petB,petD,rpoA,rps11,rpl36,infA,rps8,rpl14,rpl16,rps3,rpl22,rps19,rpl2,rpl23,trnI-CAU,trnV-GAC,rrn16,trnI-GAU,ycf68,trnA-UGC,rrn23,rrn4.5,rrn5,trnR-ACG,trnN-GUU,ndhF,rpl21,rpl32,cysT,trnL-UAG,ccsA,ndhD,psaC,ndhE,ndhG,ndhI,ndhA,ndhH,rps15,ycf1,chlN,chlL,trnN-GUU,trnR-ACG,rrn5,rrn4.5,rrn23,trnA-UGC,trnI-GAU,ycf68,rrn16,trnV-GAC",134
https://www.ncbi.nlm.nih.gov/Taxonomy/Browser/wwwtax.cgi?id=39026,"rpl32,cysT",2
https://www.ncbi.nlm.nih.gov/Taxonomy/Browser/wwwtax.cgi?id=280810,psbD,1
https://www.ncbi.nlm.nih.gov/Taxonomy/Browser/wwwtax.cgi?id=39026,rbcL,1
https://www.ncbi.nlm.nih.gov/Taxonomy/Browser/wwwtax.cgi?id=280810,"ndhC,ndhJ",2
https://www.ncbi.nlm.nih.gov/Taxonomy/Browser/wwwtax.cgi?id=460916,cysA,1
https://www.ncbi.nlm.nih.gov/Taxonomy/Browser/wwwtax.cgi?id=280810,"ndhC,ndhJ",2
https://www.ncbi.nlm.nih.gov/Taxonomy/Browser/wwwtax.cgi?id=280810,petA,1
https://www.ncbi.nlm.nih.gov/Taxonomy/Browser/wwwtax.cgi?id=280810,"psbK,psbI",2
https://www.ncbi.nlm.nih.gov/Taxonomy/Browser/wwwtax.cgi?id=460918,cysA,1
https://www.ncbi.nlm.nih.gov/Taxonomy/Browser/wwwtax.cgi?id=1480154,psbA,1
https://www.ncbi.nlm.nih.gov/Taxonomy/Browser/wwwtax.cgi?id=1480153,matK,1
https://www.ncbi.nlm.nih.gov/Taxonomy/Browser/wwwtax.cgi?id=1480152,psbA,1
https://www.ncbi.nlm.nih.gov/Taxonomy/Browser/wwwtax.cgi?id=460922,"ndhC,ndhK,ndhJ",3
https://www.ncbi.nlm.nih.gov/Taxonomy/Browser/wwwtax.cgi?id=1480152,psbA,1
https://www.ncbi.nlm.nih.gov/Taxonomy/Browser/wwwtax.cgi?id=39026,rbcL,1
https://www.ncbi.nlm.nih.gov/Taxonomy/Browser/wwwtax.cgi?id=1480153,psbA,1
https://www.ncbi.nlm.nih.gov/Taxonomy/Browser/wwwtax.cgi?id=1480153,rps4,1
https://www.ncbi.nlm.nih.gov/Taxonomy/Browser/wwwtax.cgi?id=269546,"psbK,psbI",2
https://www.ncbi.nlm.nih.gov/Taxonomy/Browser/wwwtax.cgi?id=39026,psbB,1
https://www.ncbi.nlm.nih.gov/Taxonomy/Browser/wwwtax.cgi?id=269546,"rpl32,cysT",2
https://www.ncbi.nlm.nih.gov/Taxonomy/Browser/wwwtax.cgi?id=280810,psaB,1
https://www.ncbi.nlm.nih.gov/Taxonomy/Browser/wwwtax.cgi?id=460918,"rpl32,cysT",2
https://www.ncbi.nlm.nih.gov/Taxonomy/Browser/wwwtax.cgi?id=463687,psbB,1
https://www.ncbi.nlm.nih.gov/Taxonomy/Browser/wwwtax.cgi?id=280810,rbcL,1
https://www.ncbi.nlm.nih.gov/Taxonomy/Browser/wwwtax.cgi?id=280810,petN,1
https://www.ncbi.nlm.nih.gov/Taxonomy/Browser/wwwtax.cgi?id=39026,"rpl32,cysT",2
https://www.ncbi.nlm.nih.gov/Taxonomy/Browser/wwwtax.cgi?id=280810,psbB,1
https://www.ncbi.nlm.nih.gov/Taxonomy/Browser/wwwtax.cgi?id=460917,petN,1
https://www.ncbi.nlm.nih.gov/Taxonomy/Browser/wwwtax.cgi?id=258993,"rps7,ndhB,tRNA,psbM,ycf66,petN,trnC-GCA,rpoB,rpoC1,rpoC2,rps2,atpI,atpH,atpF,atpA,trnR-UCU,trnG-GCC,ycf12,psaM,trnS-GCU,psbl,psbK,trnQ-UUG,chlB,trnK,matK,psbA,trnH-GUG,ycf2,trnD-GUC,trnY-GUA,trnE-UGA,trnT-GGU,psbD,psbC,trnS-GGA,psbZ,trnG-UCC,trnfM-CAU,rps14,psaB,psaA,ycf3,trnS-UGA,rps4,trnT-UGU,trnL-UAA,trnF-GAA,ndhJ,ndhK,ndhC,trnV-UAC,trnM-CAU,atpE,atpB,rbcL,trnR-CCG,accD,psal,ycf4,cemA,petA,psbJ,psbL,psbF,psbE,petL,petG,trnW-CCA,trnP-UGG,psaJ,rpl33,rps18,rpl20,rps12,rps12,clpP,psbB,psbT,psbN,psbH,petB,petD,rpoA,rps11,rpl36,infA,rps8,rpl14,rpl16,rps3,rpl22,rps19,rpl2,rpl23,trnI-CAU,trnV-GAC,16S,trnI-GAU,ycf68,trnA-UGC,rrn23,rrn4.5,rrn5,trnR-ACG,ndhF,trnL-UAG,ccsA,ndhD,psaC,ndhE,ndhG,ndhl,ndhA,ndhH,rps15,ycf1,chlN,chlL,trnN-GUU,ndhF,trnR-ACG,5S,4.5S,23S,trnA-UGC,trnI-GAU,ycf68,16S,trnV-GAC",130
https://www.ncbi.nlm.nih.gov/Taxonomy/Browser/wwwtax.cgi?id=280810,petL,1
https://www.ncbi.nlm.nih.gov/Taxonomy/Browser/wwwtax.cgi?id=460922,psbC,1
https://www.ncbi.nlm.nih.gov/Taxonomy/Browser/wwwtax.cgi?id=280810,"ndhF,trnN",2
https://www.ncbi.nlm.nih.gov/Taxonomy/Browser/wwwtax.cgi?id=39026,"psbK,psbI",2
https://www.ncbi.nlm.nih.gov/Taxonomy/Browser/wwwtax.cgi?id=209793,"rps7,ndhB,trnL-CAA,psbM,ycf66,petN,trnC-GCA,rpoB,rpoC1,rpoC2,rps2,atpI,atpH,atpF,atpA,trnR-UCU,trnG-UCC,ycf12,psaM,trnS-GCU,psbI,psbK,trnQ-UUG,chlB,trnK-UUU,matK,psbA,trnH-GUG,ycf2,trnD-GUC,trnY-GUA,trnE-UUC,cysA,trnT-GGU,psbD,psbC,trnS-UGA,psbZ,trnG-UCC,trnfM-CAU,rps14,psaB,psaA,ycf3,trnS-GGA,rps4,trnT-UGU,trnL-UAA,trnF-GAA,ndhJ,ndhK,ndhC,trnV-UAC,trnM-CAU,atpE,atpB,rbcL,trnR-CCG,accD,psaI,ycf4,cemA,petA,psbJ,psbL,psbF,psbE,petL,petG,trnW-CCA,trnP-UGG,psaJ,rpl33,rps18,rpl20,rps12,rps12,clpP,psbB,psbT,psbN,psbH,petB,petD,rpoA,rps11,rpl36,infA,rps8,rpl14,rpl16,rps3,rpl22,rps19,rpl2,rpl23,trnI-CAU,trnV-GAC,rrn16,trnI-GAU,ycf68,trnA-UGC,rrn23,rrn4.5,rrn5,trnR-ACG,trnN-GUU,ndhF,rpl21,rpl32,cysT,trnL-UAG,ccsA,ndhD,psaC,ndhE,ndhG,ndhI,ndhA,ndhH,rps15,ycf1,chlN,chlL,trnN-GUU,trnR-ACG,rrn5,rrn4.5,rrn23,trnA-UGC,trnI-GAU,ycf68,rrn16,trnV-GAC",134
https://www.ncbi.nlm.nih.gov/Taxonomy/Browser/wwwtax.cgi?id=1480154,matK,1
https://www.ncbi.nlm.nih.gov/Taxonomy/Browser/wwwtax.cgi?id=280810,psbC,1
https://www.ncbi.nlm.nih.gov/Taxonomy/Browser/wwwtax.cgi?id=2575588,"rps7,ndhB,tRNA,psbM,ycf66,petN,trnC-GCA,rpoB,rpoC1,rpoC2,rps2,atpI,atpH,atpF,atpA,trnR-UCU,trnG-GCC,ycf12,psaM,trnS-GCU,psbl,psbK,trnQ-UUG,chlB,trnK,matK,psbA,trnH-GUG,ycf2,trnD-GUC,trnY-GUA,trnE-UGA,trnT-GGU,psbD,psbC,trnS-GGA,psbZ,trnG-UCC,trnfM-CAU,rps14,psaB,psaA,ycf3,trnS-UGA,rps4,trnT-UGU,trnL-UAA,trnF-GAA,ndhJ,ndhK,ndhC,trnV-UAC,trnM-CAU,atpE,atpB,rbcL,trnR-CCG,accD,psal,ycf4,cemA,petA,psbJ,psbL,psbF,psbE,petL,petG,trnW-CCA,trnP-UGG,psaJ,rpl33,rps18,rpl20,rps12,rps12,clpP,psbB,psbT,psbN,psbH,petB,petD,rpoA,rps11,rpl36,infA,rps8,rpl14,rpl16,rps3,rpl22,rps19,rpl2,rpl23,trnI-CAU,trnV-GAC,16S,trnI-GAU,ycf68,trnA-UGC,rrn23,rrn4.5,rrn5,trnR-ACG,trnN-GUU,ndhF,rpl21,rpl32,trnL-UAG,ccsA,ndhD,psaC,ndhE,ndhG,ndhl,ndhA,ndhH,rps15,ycf1,chlN,chlL,trnN-GUU,trnR-ACG,5S,4.5S,23S,trnA-UGC,trnI-GAU,ycf68,16S,trnV-GAC",132
https://www.ncbi.nlm.nih.gov/Taxonomy/Browser/wwwtax.cgi?id=39026,psbB,1
https://www.ncbi.nlm.nih.gov/Taxonomy/Browser/wwwtax.cgi?id=460917,"ndhF,trnN",2
https://www.ncbi.nlm.nih.gov/Taxonomy/Browser/wwwtax.cgi?id=1480154,psbA,1
https://www.ncbi.nlm.nih.gov/Taxonomy/Browser/wwwtax.cgi?id=93925,rps4,1
https://www.ncbi.nlm.nih.gov/Taxonomy/Browser/wwwtax.cgi?id=280810,"ndhC,ndhJ",2
https://www.ncbi.nlm.nih.gov/Taxonomy/Browser/wwwtax.cgi?id=280810,cysA,1
https://www.ncbi.nlm.nih.gov/Taxonomy/Browser/wwwtax.cgi?id=1480152,rps4,1
https://www.ncbi.nlm.nih.gov/Taxonomy/Browser/wwwtax.cgi?id=460921,"rpl32,cysT",2
https://www.ncbi.nlm.nih.gov/Taxonomy/Browser/wwwtax.cgi?id=2846791,"rps7,ndhB,trnL-CAA,psbM,ycf66,petN,trnC-GCA,rpoB,rpoC1,rpoC2,rps2,atpI,atpH,atpF,atpA,trnR-UCU,trnG-GCC,ycf12,psaM,trnS-GCU,psbI,psbK,trnQ-UUG,chlB,trnK-UUU,matK,psbA,trnH-GUG,ycf2,trnD-GUC,trnY-GUA,trnE-UUC,trnT-GGU,psbD,psbC,trnS-UGA,psbZ,trnG-UCC,trnfM-CAU,rps14,psaB,psaA,ycf3,trnS-GGA,rps4,trnT-UGU,trnL-UAA,trnF-GAA,ndhJ,ndhK,ndhC,trnV-UAC,trnM-CAU,atpE,atpB,rbcL,trnR-CCG,accD,psaI,ycf4,cemA,petA,psbJ,psbL,psbF,psbE,petL,petG,trnW-CCA,trnP-UGG,psaJ,rpl33,rps18,rpl20,rps12,rps12,clpP,psbB,psbT,psbN,psbH,petB,petD,rpoA,rps11,rpl36,infA,rps8,rpl14,rpl16,rps3,rpl22,rps19,rpl2,rpl23,trnI-CAU,trnV-GAC,rrn16,trnI-GAU,trnA-UGC,rrn23,rrn4.5,rrn5,trnR-ACG,trnN-GUU,ndhF,rpl21,rpl32,cysT,trnL-UAG,ccsA,ndhD,psaC,ndhE,ndhG,ndhI,ndhA,ndhH,rps15,ycf1-2,ycf1,chlN,chlL,trnN-GUU,trnR-ACG,5S,4.5S,23S,trnA-UGC,trnI-GAU,rrn16,trnV-GAC",132
https://www.ncbi.nlm.nih.gov/Taxonomy/Browser/wwwtax.cgi?id=56867,"rps12,rps7,ndhB,psbM,rpoB,rpoC1,rpoC2,rps2,atpI,atpH,atpF,atpA,ycf12,psbI,psbK,chlB,psbA,mbpX,psbD,psbC,psbZ,rps14,psaB,psaA,rps4,ndhJ,ndhK,ndhC,atpE,atpB,rbcL,accD,psaI,ycf4,cemA,petA,psbJ,psbL,psbF,psbE,petG,psaJ,rpl33,rps18,rpl20,clpP,psbB,psbT,psbN,psbH,petB,petD,rpoA,rps11,rpl36,infA,rps8,rpl14,rpl16,rps3,rpl22,rps19,rpl2,rpl23,ndhF,rpl21,rpl32,cysT,ccsA,ndhD,psaC,ndhE,ndhG,ndhI,ndhA,ndhH,rps15,chlL",78
https://www.ncbi.nlm.nih.gov/Taxonomy/Browser/wwwtax.cgi?id=1480154,matK,1
https://www.ncbi.nlm.nih.gov/Taxonomy/Browser/wwwtax.cgi?id=1480154,psbA,1
https://www.ncbi.nlm.nih.gov/Taxonomy/Browser/wwwtax.cgi?id=258993,"rps7,ndhB,tRNA,psbM,ycf66,petN,trnC-GCA,rpoB,rpoC1,rpoC2,rps2,atpI,atpH,atpF,atpA,trnR-UCU,trnG-GCC,ycf12,psaM,trnS-GCU,psbl,psbK,trnQ-UUG,chlB,trnK,matK,psbA,trnH-GUG,ycf2,trnD-GUC,trnY-GUA,trnE-UGA,trnT-GGU,psbD,psbC,trnS-GGA,psbZ,trnG-UCC,trnfM-CAU,rps14,psaB,psaA,ycf3,trnS-UGA,rps4,trnT-UGU,trnL-UAA,trnF-GAA,ndhJ,ndhK,ndhC,trnV-UAC,trnM-CAU,atpE,atpB,rbcL,trnR-CCG,accD,psal,ycf4,cemA,petA,psbJ,psbL,psbF,psbE,petL,petG,trnW-CCA,trnP-UGG,psaJ,rpl33,rps18,rpl20,rps12,rps12,clpP,psbB,psbT,psbN,psbH,petB,petD,rpoA,rps11,rpl36,infA,rps8,rpl14,rpl16,rps3,rpl22,rps19,rpl2,rpl23,trnI-CAU,trnV-GAC,16S,trnI-GAU,ycf68,trnA-UGC,rrn23,rrn4.5,rrn5,trnR-ACG,ndhF,trnL-UAG,ccsA,ndhD,psaC,ndhE,ndhG,ndhl,ndhA,ndhH,rps15,ycf1,chlN,chlL,trnN-GUU,ndhF,trnR-ACG,5S,4.5S,23S,trnA-UGC,trnI-GAU,ycf68,16S,trnV-GAC",130
https://www.ncbi.nlm.nih.gov/Taxonomy/Browser/wwwtax.cgi?id=1480153,psbA,1
https://www.ncbi.nlm.nih.gov/Taxonomy/Browser/wwwtax.cgi?id=280810,petA,1
https://www.ncbi.nlm.nih.gov/Taxonomy/Browser/wwwtax.cgi?id=460915,cysA,1
https://www.ncbi.nlm.nih.gov/Taxonomy/Browser/wwwtax.cgi?id=280810,petL,1
https://www.ncbi.nlm.nih.gov/Taxonomy/Browser/wwwtax.cgi?id=460917,cysA,1
https://www.ncbi.nlm.nih.gov/Taxonomy/Browser/wwwtax.cgi?id=2846788,"rps7,ndhB,trnL-CAA,psbM,ycf66,petN,trnC-GCA,rpoB,rpoC1,rpoC2,rps2,atpI,atpH,atpF,atpA,trnR-UCU,trnG-GCC,ycf12,psaM,trnS-GCU,psbI,psbK,trnQ-UUG,chlB,trnK-UUU,matK,psbA,trnH-GUG,ycf2,trnD-GUC,trnY-GUA,trnE-UUC,cysA,trnT-GGU,psbD,psbC,trnS-UGA,psbZ,trnG-UCC,trnfM-CAU,rps14,psaB,psaA,ycf3,trnS-GGA,rps4,trnT-UGU,trnL-UAA,trnF-GAA,ndhJ,ndhK,ndhC,trnV-UAC,trnM-CAU,atpE,atpB,rbcL,trnR-CCG,accD,psaI,ycf4,cemA,petA,psbJ,psbL,psbF,psbE,petL,petG,trnW-CCA,trnP-UGG,psaJ,rpl33,rps18,rpl20,rps12,rps12,clpP,psbB,psbT,psbN,psbH,petB,petD,rpoA,rps11,rpl36,infA,rps8,rpl14,rpl16,rps3,rpl22,rps19,rpl2,rpl23,trnI-CAU,trnV-GAC,rrn16,trnI-GAU,trnA-UGC,rrn23,rrn4.5,rrn5,trnR-ACG,trnN-GUU,ndhF,rpl21,rpl32,cysT,trnL-UAG,ccsA,ndhD,psaC,ndhE,ndhG,ndhI,ndhA,ndhH,rps15,ycf1-2,ycf1,chlN,chlL,trnN-GUU,trnR-ACG,5S,4.5S,23S,trnA-UGC,trnI-GAU,rrn16,trnV-GAC",133
https://www.ncbi.nlm.nih.gov/Taxonomy/Browser/wwwtax.cgi?id=280810,petA,1
https://www.ncbi.nlm.nih.gov/Taxonomy/Browser/wwwtax.cgi?id=2136784,"rps7,ndhB,trnL-CAA,psbM,ycf66,petN,trnC-GCA,rpoB,rpoC1,rpoC2,rps2,atpI,atpH,atpF,atpA,trnR-UCU,trnG-GCC,ycf12,psaM,trnS-GCU,psbI,psbK,trnQ-UUG,chlB,trnK-UUU,matK,psbA,trnH-GUG,ycf2,trnD-GUC,trnY-GUA,trnE-UUC,cysA,trnT-GGU,psbD,psbC,trnS-UGA,psbZ,trnG-UCC,trnfM-CAU,rps14,psaB,psaA,ycf3,trnS-GGA,rps4,trnT-UGU,trnL-UAA,trnF-GAA,ndhJ,ndhK,ndhC,trnV-UAC,trnM-CAU,atpE,atpB,rbcL,trnR-CCG,accD,psaI,ycf4,cemA,petA,psbJ,psbL,psbF,psbE,petL,petG,trnW-CCA,trnP-UGG,psaJ,rpl33,rps18,rpl20,rps12,rps12,clpP,psbB,psbT,psbN,psbH,petB,petD,rpoA,rps11,rpl36,infA,rps8,rpl14,rpl16,rps3,rpl22,rps19,rpl2,rpl23,trnI-CAU,trnV-GAC,rrn16,trnI-GAU,trnA-UGC,rrn23,rrn4.5,rrn5,trnR-ACG,trnN-GUU,ndhF,rpl21,rpl32,cysT,trnL-UAG,ccsA,ndhD,psaC,ndhE,ndhG,ndhI,ndhA,ndhH,rps15,ycf1-2,ycf1,chlN,chlL,trnN-GUU,trnR-ACG,5S,4.5S,rrn23,trnA-UGC,trnI-GAU,rrn16,trnV-GAC",133
https://www.ncbi.nlm.nih.gov/Taxonomy/Browser/wwwtax.cgi?id=39026,psbC,1
https://www.ncbi.nlm.nih.gov/Taxonomy/Browser/wwwtax.cgi?id=280810,petL,1
https://www.ncbi.nlm.nih.gov/Taxonomy/Browser/wwwtax.cgi?id=280810,psbB,1
https://www.ncbi.nlm.nih.gov/Taxonomy/Browser/wwwtax.cgi?id=39026,petA,1
https://www.ncbi.nlm.nih.gov/Taxonomy/Browser/wwwtax.cgi?id=460915,"rpl32,cysT",2
https://www.ncbi.nlm.nih.gov/Taxonomy/Browser/wwwtax.cgi?id=460920,petN,1
https://www.ncbi.nlm.nih.gov/Taxonomy/Browser/wwwtax.cgi?id=280810,psbC,1
https://www.ncbi.nlm.nih.gov/Taxonomy/Browser/wwwtax.cgi?id=280810,psbM,1
https://www.ncbi.nlm.nih.gov/Taxonomy/Browser/wwwtax.cgi?id=460920,rbcL,1
https://www.ncbi.nlm.nih.gov/Taxonomy/Browser/wwwtax.cgi?id=280810,psaB,1
https://www.ncbi.nlm.nih.gov/Taxonomy/Browser/wwwtax.cgi?id=39026,"rps12,rps7,ndhB,trnL-CAA,psbM,petN,trnC-GCA,rpoB,rpoC1,rpoC2,rps2,atpI,atpH,atpA,trnR-UCU,ycf12,psaM,trnS-GCU,psbI,psbK,trnQ-UUG,chlB,trnK-UUU,matK,psbA,trnH-GUG,ycf2,trnD-GUC,trnY-GUA,trnE-UUC,cysA,trnT-GGU,psbD,psbC,trnS-UGA,psbZ,trnG-GCC,trnfM-CAU,rps14,psaB,psaA,ycf3,trnS-GGA,rps4,trnT-UGU,trnL-UAA,trnF-GAA,ndhJ,ndhK,ndhC,trnV-UAC,trnM-CAU,atpE,atpB,rbcL,trnR-CCG,accD,psaI,ycf4,cemA,petA,psbJ,psbL,psbF,psbE,petL,petG,trnW-CCA,trnP-UGG,psaJ,rpl33,rps18,rpl20,clpP,psbB,psbT,psbN,psbH,petB,petD,rpoA,rps11,rpl36,infA,rps8,rpl14,rpl16,rps3,rpl22,rps19,rpl2,rpl23,trnI-CAU,trnV-GAC,rrn16,trnI-GAU,trnA-UGC,rrn23,rrn4.5,rrn5,trnR-ACG,trnN-GUU,ndhF,rpl21,rpl32,cysT,trnL-UAG,ccsA,ndhD,psaC,ndhE,ndhG,ndhI,ndhA,ndhH,rps15,ycf1,chlN,chlL,trnN-GUU,trnR-ACG,rrn5,rrn4.5,rrn23,trnA-UGC,trnI-GAU,rrn16,trnV-GAC",128
https://www.ncbi.nlm.nih.gov/Taxonomy/Browser/wwwtax.cgi?id=280810,psbM,1
https://www.ncbi.nlm.nih.gov/Taxonomy/Browser/wwwtax.cgi?id=2846786,"rps7,ndhB,trnL-CAA,psbM,ycf66,petN,trnC-GCA,rpoB,rpoC1,rpoC2,rps2,atpI,atpH,atpF,atpA,trnR-UCU,trnG-GCC,ycf12,psaM,trnS-GCU,psbI,psbK,trnQ-UUG,chlB,trnK-UUU,matK,psbA,trnH-GUG,ycf2,trnD-GUC,trnY-GUA,trnE-UUC,cysA,trnT-GGU,psbD,psbC,trnS-UGA,psbZ,trnG-UCC,trnfM-CAU,rps14,psaB,psaA,ycf3,trnS-GGA,rps4,trnT-UGU,trnL-UAA,trnF-GAA,ndhJ,ndhK,ndhC,trnV-UAC,trnM-CAU,atpE,atpB,rbcL,trnR-CCG,accD,psaI,ycf4,cemA,petA,psbJ,psbL,psbF,psbE,petL,petG,trnW-CCA,trnP-UGG,psaJ,rpl33,rps18,rpl20,rps12,rps12,clpP,psbB,psbT,psbN,psbH,petB,petD,rpoA,rps11,rpl36,infA,rps8,rpl14,rpl16,rps3,rpl22,rps19,rpl2,rpl23,trnI-CAU,trnV-GAC,rrn16,trnI-GAU,trnA-UGC,rrn23,rrn4.5,rrn5,trnR-ACG,trnN-GUU,ndhF,rpl21,rpl32,cysT,trnL-UAG,ccsA,ndhD,psaC,ndhE,ndhG,ndhI,ndhA,ndhH,rps15,ycf1-2,ycf1,chlN,chlL,trnN-GUU,trnR-ACG,5S,4.5S,23S,trnA-UGC,trnI-GAU,rrn16,trnV-GAC",133
https://www.ncbi.nlm.nih.gov/Taxonomy/Browser/wwwtax.cgi?id=460921,petN,1
https://www.ncbi.nlm.nih.gov/Taxonomy/Browser/wwwtax.cgi?id=460913,cysA,1
https://www.ncbi.nlm.nih.gov/Taxonomy/Browser/wwwtax.cgi?id=460921,psbB,1
https://www.ncbi.nlm.nih.gov/Taxonomy/Browser/wwwtax.cgi?id=460921,psbC,1
https://www.ncbi.nlm.nih.gov/Taxonomy/Browser/wwwtax.cgi?id=414193,"rps7,ndhB,tRNA,psbM,ycf66,petN,trnC-GCA,rpoB,rpoC1,rpoC2,rps2,atpI,atpH,atpF,atpA,trnR-UCU,trnG-GCC,ycf12,psaM,trnS-GCU,psbl,psbK,trnQ-UUG,chlB,trnK,matK,psbA,trnH-GUG,ycf2,trnD-GUC,trnY-GUA,trnE-UGA,trnT-GGU,psbD,psbC,trnS-GGA,psbZ,trnG-UCC,trnfM-CAU,rps14,psaB,psaA,ycf3,trnS-UGA,rps4,trnT-UGU,trnL-UAA,trnF-GAA,ndhJ,ndhK,ndhC,trnV-UAC,trnM-CAU,atpE,atpB,rbcL,trnR-CCG,accD,psal,ycf4,cemA,petA,psbJ,psbL,psbF,psbE,petL,petG,trnW-CCA,trnP-UGG,psaJ,rpl33,rps18,rpl20,rps12,rps12,clpP,psbB,psbT,psbN,psbH,petB,petD,rpoA,rps11,rpl36,infA,rps8,rpl14,rpl16,rps3,rpl22,rps19,rpl2,rpl23,trnI-CAU,trnV-GAC,16S,trnI-GAU,trnA-UGC,rrn23,rrn4.5,rrn5,trnR-ACG,trnN-GUU,ndhF,rpl21,rpl32,trnL-UAG,ccsA,ndhD,psaC,ndhE,ndhG,ndhl,ndhA,ndhH,rps15,ycf1,chlN,chlL,trnN-GUU,trnR-ACG,5S,4.5S,23S,trnA-UGC,trnI-GAU,16S,trnV-GAC",130
https://www.ncbi.nlm.nih.gov/Taxonomy/Browser/wwwtax.cgi?id=460917,"rpl32,cysT",2
https://www.ncbi.nlm.nih.gov/Taxonomy/Browser/wwwtax.cgi?id=1755700,"rps7,ndhB,trnL-CAA,psbM,ycf66,petN,trnC-GCA,rpoB,rpoC1,rpoC2,rps2,atpI,atpH,atpF,atpA,trnR-UCU,trnG-GCC,ycf12,psaM,trnS-GCU,psbI,psbK,trnQ-UUG,chlB,trnK-UUU,matK,psbA,trnH-GUG,ycf2,trnD-GUC,trnY-GUA,trnE-UUC,trnT-GGU,psbD,psbC,trnS-UGA,psbZ,trnG-UCC,trnfM-CAU,rps14,psaB,psaA,ycf3,trnS-GGA,rps4,trnT-UGU,trnL-UAA,trnF-GAA,ndhJ,ndhK,ndhC,trnV-UAC,trnM-CAU,atpE,atpB,rbcL,trnR-CCG,accD,psaI,ycf4,cemA,petA,psbJ,psbL,psbF,psbE,petL,petG,trnW-CCA,trnP-UGG,psaJ,rpl33,rps18,rpl20,rps12,rps12,clpP,psbB,psbT,psbN,psbH,petB,petD,rpoA,rps11,rpl36,infA,rps8,rpl14,rpl16,rps3,rpl22,rps19,rpl2,rpl23,trnI-CAU,trnV-GAC,rrn16,trnI-GAU,trnA-UGC,rrn23,rrn4.5,rrn5,trnR-ACG,trnN-GUU,ndhF,rpl21,rpl32,trnL-UAG,ccsA,ndhD,psaC,ndhE,ndhG,ndhI,ndhA,ndhH,rps15,ycf1-2,ycf1,chlN,chlL,trnN-GUU,trnR-ACG,5S,4.5S,23S,trnA-UGC,trnI-GAU,rrn16,trnV-GAC",131
https://www.ncbi.nlm.nih.gov/Taxonomy/Browser/wwwtax.cgi?id=2575588,"rps7,ndhB,tRNA,psbM,ycf66,petN,trnC-GCA,rpoB,rpoC1,rpoC2,rps2,atpI,atpH,atpF,atpA,trnR-UCU,trnG-GCC,ycf12,psaM,trnS-GCU,psbl,psbK,trnQ-UUG,chlB,trnK,matK,psbA,trnH-GUG,ycf2,trnD-GUC,trnY-GUA,trnE-UGA,trnT-GGU,psbD,psbC,trnS-GGA,psbZ,trnG-UCC,trnfM-CAU,rps14,psaB,psaA,ycf3,trnS-UGA,rps4,trnT-UGU,trnL-UAA,trnF-GAA,ndhJ,ndhK,ndhC,trnV-UAC,trnM-CAU,atpE,atpB,rbcL,trnR-CCG,accD,psal,ycf4,cemA,petA,psbJ,psbL,psbF,psbE,petL,petG,trnW-CCA,trnP-UGG,psaJ,rpl33,rps18,rpl20,rps12,rps12,clpP,psbB,psbT,psbN,psbH,petB,petD,rpoA,rps11,rpl36,infA,rps8,rpl14,rpl16,rps3,rpl22,rps19,rpl2,rpl23,trnI-CAU,trnV-GAC,16S,trnI-GAU,ycf68,trnA-UGC,rrn23,rrn4.5,rrn5,trnR-ACG,trnN-GUU,ndhF,rpl21,rpl32,trnL-UAG,ccsA,ndhD,psaC,ndhE,ndhG,ndhl,ndhA,ndhH,rps15,ycf1,chlN,chlL,trnN-GUU,trnR-ACG,5S,4.5S,23S,trnA-UGC,trnI-GAU,ycf68,16S,trnV-GAC",132
https://www.ncbi.nlm.nih.gov/Taxonomy/Browser/wwwtax.cgi?id=460920,petA,1
https://www.ncbi.nlm.nih.gov/Taxonomy/Browser/wwwtax.cgi?id=37395,"rps7,ndhB,trnL-CAA,psbM,ycf66,trnC-GCA,rpoB,rpoC1,rpoC2,rps2,atpI,atpH,atpF,atpA,trnR-UCU,trnG-UCC,ycf12,psaM,trnS-GCU,psbI,psbK,trnQ-UUG,chlB,trnK-UUU,matK,psbA,trnH-GUG,ycf2,trnD-GUC,trnY-GUA,trnE-UUC,cysA,trnT-GGU,psbD,psbC,trnS-UGA,psbZ,trnG-GCC,trnfM-CAU,rps14,psaB,psaA,pafI,trnS-GGA,rps4,trnT-UGU,trnL-UAA,trnF-GAA,ndhJ,ndhK,ndhC,trnV-UAC,trnM-CAU,atpE,atpB,rbcL,trnR-CCG,accD,psaI,pafII,cemA,petA,psbJ,psbL,psbF,psbE,petL,petG,trnW-CCA,trnP-UGG,psaJ,rpl33,rps18,rpl20,rps12,rps12,clpP,psbB,psbT,psbN,psbH,petB,petD,rpoA,rps11,rpl36,infA,rps8,rpl14,rpl16,rps3,rpl22,rps19,rpl2,rpl23,trnI-CAU,trnV-GAC,trnI-GAU,trnA-UGC,trnR-ACG,trnN-GUU,ndhF,rpl21,rpl32,cysT,trnL-UAG,ccsA,ndhD,psaC,ndhE,ndhG,ndhI,ndhA,ndhH,rps15,tic214,chlN,chlL,trnN-GUU,trnR-ACG,trnA-UGC,trnI-GAU,trnV-GAC",123
https://www.ncbi.nlm.nih.gov/Taxonomy/Browser/wwwtax.cgi?id=65052,petN,1
https://www.ncbi.nlm.nih.gov/Taxonomy/Browser/wwwtax.cgi?id=280810,psbC,1
https://www.ncbi.nlm.nih.gov/Taxonomy/Browser/wwwtax.cgi?id=39026,"psbK,psbI",2
https://www.ncbi.nlm.nih.gov/Taxonomy/Browser/wwwtax.cgi?id=1186967,"rps7,ndhB,tRNA,psbM,ycf66,petN,trnC-GCA,rpoB,rpoC1,rpoC2,rps2,atpI,atpH,atpF,atpA,trnR-UCU,trnG-GCC,ycf12,psaM,trnS-GCU,psbl,psbK,trnQ-UUG,chlB,trnK,matK,psbA,trnH-GUG,ycf2,trnD-GUC,trnY-GUA,trnE-UGA,trnT-GGU,psbD,psbC,trnS-GGA,psbZ,trnG-UCC,trnfM-CAU,rps14,psaB,psaA,ycf3,trnS-UGA,rps4,trnT-UGU,trnL-UAA,trnF-GAA,ndhJ,ndhK,ndhC,trnV-UAC,trnM-CAU,atpE,atpB,rbcL,trnR-CCG,accD,psal,ycf4,cemA,petA,psbJ,psbL,psbF,psbE,petL,petG,trnW-CCA,trnP-UGG,psaJ,rpl33,rps18,rpl20,rps12,rps12,clpP,psbB,psbT,psbN,psbH,petB,petD,rpoA,rps11,rpl36,infA,rps8,rpl14,rpl16,rps3,rpl22,rps19,rpl2,rpl23,trnI-CAU,trnV-GAC,16S,trnI-GAU,trnA-UGC,rrn23,rrn4.5,rrn5,trnR-ACG,trnN-GUU,ndhD,psaC,ndhE,ndhG,ndhI,ndhA,ndhH,rps15,ycf1,chlN,chlL,trnN-GUU,trnR-ACG,5S,4.5S,23S,trnA-UGC,trnI-GAU,16S,trnV-GAC",125
https://www.ncbi.nlm.nih.gov/Taxonomy/Browser/wwwtax.cgi?id=280810,petN,1
https://www.ncbi.nlm.nih.gov/Taxonomy/Browser/wwwtax.cgi?id=93925,psbA,1
https://www.ncbi.nlm.nih.gov/Taxonomy/Browser/wwwtax.cgi?id=642337,"rps7,ndhB,tRNA,psbM,ycf66,petN,trnC-GCA,rpoB,rpoC1,rpoC2,rps2,atpI,atpH,atpF,atpA,trnR-UCU,trnG-GCC,ycf12,psaM,trnS-GCU,psbl,psbK,trnQ-UUG,chlB,trnK,matK,psbA,trnH-GUG,ycf2,trnD-GUC,trnY-GUA,trnE-UGA,trnT-GGU,psbD,psbC,trnS-GGA,psbZ,trnG-UCC,trnfM-CAU,rps14,psaB,psaA,ycf3,trnS-UGA,rps4,trnT-UGU,trnL-UAA,trnF-GAA,ndhJ,ndhK,ndhC,trnV-UAC,trnM-CAU,atpE,atpB,rbcL,trnR-CCG,accD,psal,ycf4,cemA,petA,psbJ,psbL,psbF,psbE,petL,petG,trnW-CCA,trnP-UGG,psaJ,rpl33,rps18,rpl20,rps12,rps12,clpP,psbB,psbT,psbN,psbH,petB,petD,rpoA,rps11,rpl36,infA,rps8,rpl14,rpl16,rps3,rpl22,rps19,rpl2,rpl23,trnI-CAU,trnV-GAC,16S,trnI-GAU,ycf68,trnA-UGC,rrn23,rrn4.5,rrn5,trnR-ACG,trnN-GUU,ndhF,rpl21,rpl32,trnL-UAG,ccsA,ndhD,psaC,ndhE,ndhG,ndhl,ndhA,ndhH,rps15,ycf1,chlN,chlL,trnN-GUU,trnR-ACG,5S,4.5S,23S,trnA-UGC,trnI-GAU,ycf68,16S,trnV-GAC",132
https://www.ncbi.nlm.nih.gov/Taxonomy/Browser/wwwtax.cgi?id=280810,"psbK,psbI",2
https://www.ncbi.nlm.nih.gov/Taxonomy/Browser/wwwtax.cgi?id=460663,"rps7,ndhB,tRNA,psbM,ycf66,petN,trnC-GCA,rpoB,rpoC1,rpoC2,rps2,atpI,atpH,atpF,atpA,trnR-UCU,trnG-GCC,ycf12,psaM,trnS-GCU,psbl,psbK,trnQ-UUG,chlB,trnK,matK,psbA,trnH-GUG,ycf2,trnD-GUC,trnY-GUA,trnE-UGA,trnT-GGU,psbD,psbC,trnS-GGA,psbZ,trnG-UCC,trnfM-CAU,rps14,psaB,psaA,ycf3,trnS-UGA,rps4,trnT-UGU,trnL-UAA,trnF-GAA,ndhJ,ndhK,ndhC,trnV-UAC,trnM-CAU,atpE,atpB,rbcL,trnR-CCG,accD,psal,ycf4,cemA,petA,psbJ,psbL,psbF,psbE,petL,petG,trnW-CCA,trnP-UGG,psaJ,rpl33,rps18,rpl20,rps12,rps12,clpP,psbB,psbT,psbN,psbH,petB,petD,rpoA,rps11,rpl36,infA,rps8,rpl14,rpl16,rps3,rpl22,rps19,rpl2,rpl23,trnI-CAU,trnV-GAC,16S,trnI-GAU,ycf68,trnA-UGC,rrn23,rrn4.5,rrn5,trnR-ACG,trnN-GUU,ndhF,rpl21,rpl32,trnL-UAG,ccsA,ndhD,psaC,ndhE,ndhG,ndhl,ndhA,ndhH,rps15,ycf1,chlN,chlL,trnN-GUU,trnR-ACG,5S,4.5S,23S,trnA-UGC,trnI-GAU,ycf68,16S,trnV-GAC",132
https://www.ncbi.nlm.nih.gov/Taxonomy/Browser/wwwtax.cgi?id=280810,petL,1
https://www.ncbi.nlm.nih.gov/Taxonomy/Browser/wwwtax.cgi?id=39026,cysA,1
https://www.ncbi.nlm.nih.gov/Taxonomy/Browser/wwwtax.cgi?id=1133302,"rps7,ndhB,trnL-CAA,psbM,ycf66,petN,trnC-GCA,rpoB,rpoC1,rpoC2,rps2,atpI,atpH,atpF,atpA,trnR-UCU,trnG-UCC,ycf12,psaM,trnS-GCU,psbl,psbK,trnQ-UUG,chlB,trnK-UUU,matK,psbA,trnH-GUG,ycf2,trnD-GUC,trnY-GUA,trnE-UUC,trnT-GGU,psbD,psbC,trnS-UGA,psbZ,trnG-GCC,trnfM-CAU,rps14,psaB,psaA,pafI,trnS-GGA,rps4,trnT-UGU,trnL-UAA,trnF-GAA,ndhJ,ndhK,ndhC,trnV-UAC,trnM-CAU,atpE,atpB,rbcL,trnR-CCG,accD,psal,pafII,cemA,petA,psbJ,psbL,psbF,psbE,petL,petG,trnW-CCA,trnP-UGG,psaJ,rpl33,rps18,rpl20,rps12,rps12,clpP,psbB,psbT,psbN,psbH,petB,petD,rpoA,rps11,rpl36,infA,rps8,rpl14,rpl16,rps3,rpl22,rps19,rpl2,rpl23,trnI-CAU,trnV-GAC,16S,trnI-GAU,trnA-UGC,rrn23,rrn4.5,rrn5,trnR-ACG,trnN-GUU,ndhF,rpl21,rpl32,trnL-UAG,ccsA,ndhD,psaC,ndhE,ndhG,ndhl,ndhA,ndhH,rps15,ORF474,ycf1,chlN,chlL,trnN-GUU,trnR-ACG,5S,4.5S,23S,trnA-UGC,trnI-GAU,16S,trnV-GAC",131
https://www.ncbi.nlm.nih.gov/Taxonomy/Browser/wwwtax.cgi?id=1480154,"rps12,rps7,ndhB,psbM,ycf66,ycf (ORF29),rpoB,rpoC1,rpoC2,rps2,atpI,atpH,atpF,atpA,ycf12,ycf (45),psaM,psbI,psbK,chlB,ycf (ORF50),matK,psbA,ycf2,cysA,psbD,psbC,psbZ,rps14,psaB,psaA,pafI,rps4,ndhJ,ndhK,ndhC,atpE,atpB,rbcL,accD,psaI,pafII,cemA,petA,psbJ,psbL,psbF,psbE,petL,petG,psaJ,rpl33,rps18,rpl20,rps12,rps12,clpP,psbB,psbT,psbN,psbH,petB,petD,rpoA,rps11,rpl36,infA,rps8,rpl14,rpl16,rps3,rpl22,rps19,rpl2,rpl23,ndhF,rpl21,rpl32,cysT,ccsA,ndhD,psaC,ndhE,ndhG,ndhI,ndhA,ndhH,rps15,ORF464,tic214,chlN,chlL",92
https://www.ncbi.nlm.nih.gov/Taxonomy/Browser/wwwtax.cgi?id=39026,psbB,1
https://www.ncbi.nlm.nih.gov/Taxonomy/Browser/wwwtax.cgi?id=280810,petN,1
https://www.ncbi.nlm.nih.gov/Taxonomy/Browser/wwwtax.cgi?id=41844,"rps7,ndhB,trnL-CAA,psbM,ycf66,trnC-GCA,rpoB,rpoC1,rpoC2,rps2,atpI,atpH,atpF,atpA,trnR-UCU,trnG-UCC,ycf12,psaM,trnS-GCU,psbI,psbK,trnQ-UUG,chlB,trnK-UUU,matK,psbA,trnH-GUG,ycf2,trnD-GUC,trnY-GUA,trnE-UUC,cysA,trnT-GGU,psbD,psbC,trnS-UGA,psbZ,trnG-GCC,tRNA-fMet-CAU,rps14,psaB,psaA,pafI,trnS-GGA,rps4,trnT-UGU,trnL-UAA,trnF-GAA,ndhJ,ndhK,ndhC,trnV-UAC,trnM-CAU,atpE,atpB,rbcL,trnR-CCG,accD,psaI,pafII,cemA,petA,psbJ,psbL,psbF,psbE,petL,petG,trnW-CCA,trnP-UGG,psaJ,rpl33,rps18,rpl20,rps12,rps12,clpP,psbB,psbT,psbN,psbH,petB,petD,rpoA,rps11,rpl36,infA,rps8,rpl14,rpl16,rps3,rpl22,rps19,rpl2,rpl23,trnI-CAU,trnV-GAC,trnI-GAU,trnA-UGC,trnR-ACG,trnN-GUU,ndhF,rpl21,rpl32,cysT,trnL-UAG,ccsA,ndhD,psaC,ndhE,ndhG,ndhI,ndhA,ndhH,rps15,tic214,chlN,chlL,trnN-GUU,trnR-ACG,trnA-UGC,trnI-GAU,trnV-GAC",123
https://www.ncbi.nlm.nih.gov/Taxonomy/Browser/wwwtax.cgi?id=280810,"psbK,psbI",2
https://www.ncbi.nlm.nih.gov/Taxonomy/Browser/wwwtax.cgi?id=269546,"psbK,psbI",2
https://www.ncbi.nlm.nih.gov/Taxonomy/Browser/wwwtax.cgi?id=1480154,"rps12,rps7,ndhB,ndhB,psbM,ycf66,ycf66,ycf,rpoB,rpoC1,rpoC1,rpoC2,rps2,atpI,atpH,atpF,atpF,atpA,ycf12,ycf,psaM,psbI,psbK,chlB,ycf,matK,psbA,ycf2,cysA,psbD,psbC,psbZ,rps14,psaB,psaA,pafI,pafI,rps4,ndhJ,ndhK,ndhC,atpE,atpB,rbcL,accD,psaI,pafII,cemA,petA,psbJ,psbL,psbF,psbE,petL,petG,psaJ,rpl33,rps18,rpl20,rps12,rps12,clpP,psbB,psbT,psbN,psbH,petB,petB,petD,petD,rpoA,rps11,rpl36,infA,rps8,rpl14,rpl16,rps3,rpl22,rps19,rpl2,rpl23,ndhF,rpl21,rpl32,cysT,ccsA,ndhD,psaC,ndhE,ndhG,ndhI,ndhA,ndhH,rps15,tic214,chlN,chlL",98
https://www.ncbi.nlm.nih.gov/Taxonomy/Browser/wwwtax.cgi?id=203687,"rps7,ndhB,tRNA,psbM,ycf66,petN,trnC-GCA,rpoB,rpoC1,rpoC2,rps2,atpI,atpH,atpF,atpA,trnR-UCU,trnG-GCC,ycf12,psaM,trnS-GCU,psbl,psbK,trnQ-UUG,chlB,trnK,matK,psbA,trnH-GUG,ycf2,trnD-GUC,trnY-GUA,trnE-UGA,trnT-GGU,psbD,psbC,trnS-GGA,psbZ,trnG-UCC,trnfM-CAU,rps14,psaB,psaA,ycf3,trnS-UGA,rps4,trnT-UGU,trnL-UAA,trnF-GAA,ndhJ,ndhK,ndhC,trnV-UAC,trnM-CAU,atpE,atpB,rbcL,trnR-CCG,accD,psal,ycf4,cemA,petA,psbJ,psbL,psbF,psbE,petL,petG,trnW-CCA,trnP-UGG,psaJ,rpl33,rps18,rpl20,rps12,rps12,clpP,psbB,psbT,psbN,psbH,petB,petD,rpoA,rps11,rpl36,infA,rps8,rpl14,rpl16,rps3,rpl22,rps19,rpl2,rpl23,trnI-CAU,trnV-GAC,16S,trnI-GAU,ycf68,trnA-UGC,rrn23,rrn4.5,rrn5,trnR-ACG,trnN-GUU,ndhF,rpl21,rpl32,trnL-UAG,ccsA,ndhD,psaC,ndhE,ndhG,ndhl,ndhA,ndhH,rps15,ycf1,chlN,chlL,trnN-GUU,trnR-ACG,5S,4.5S,23S,trnA-UGC,trnI-GAU,ycf68,16S,trnV-GAC",132
https://www.ncbi.nlm.nih.gov/Taxonomy/Browser/wwwtax.cgi?id=2575587,"rps7,ndhB,tRNA,psbM,ycf66,petN,trnC-GCA,rpoB,rpoC1,rpoC2,rps2,atpI,atpH,atpF,atpA,trnR-UCU,trnG-GCC,ycf12,psaM,trnS-GCU,psbl,psbK,trnQ-UUG,chlB,trnK,matK,psbA,trnH-GUG,ycf2,trnD-GUC,trnY-GUA,trnE-UGA,trnT-GGU,psbD,psbC,trnS-GGA,psbZ,trnG-UCC,trnfM-CAU,rps14,psaB,psaA,ycf3,trnS-UGA,rps4,trnT-UGU,trnL-UAA,trnF-GAA,ndhJ,ndhK,ndhC,trnV-UAC,trnM-CAU,atpE,atpB,rbcL,trnR-CCG,accD,psal,ycf4,cemA,petA,psbJ,psbL,psbF,psbE,petL,petG,trnW-CCA,trnP-UGG,psaJ,rpl33,rps18,rpl20,rps12,rps12,clpP,psbB,psbT,psbN,psbH,petB,petD,rpoA,rps11,rpl36,infA,rps8,rpl14,rpl16,rps3,rpl22,rps19,rpl2,rpl23,trnI-CAU,trnV-GAC,16S,trnI-GAU,ycf68,trnA-UGC,rrn23,rrn4.5,rrn5,trnR-ACG,trnN-GUU,ndhF,rpl21,rpl32,trnL-UAG,ccsA,ndhD,psaC,ndhE,ndhG,ndhl,ndhA,ndhH,rps15,ycf1,chlN,chlL,trnN-GUU,trnR-ACG,5S,4.5S,23S,trnA-UGC,trnI-GAU,ycf68,16S,trnV-GAC",132
https://www.ncbi.nlm.nih.gov/Taxonomy/Browser/wwwtax.cgi?id=37410,"rps7,ndhB,trnL-CAA,psbM,ycf66,petN,trnC-GCA,rpoB,rpoC1,rpoC2,rps2,atpI,atpH,atpF,atpA,trnR-UCU,trnG-GCC,ycf12,psaM,trnS-GCU,psbI,psbK,trnQ-UUG,chlB,trnK-UUU,matK,psbA,trnH-GUG,ycf2,trnD-GUC,trnY-GUA,trnE-UGA,cysA,trnT-GGU,psbD,psbC,trnS-GGA,psbZ,trnG-UCC,trnfM-CAU,rps14,psaB,psaA,ycf3,trnS-UGA,rps4,trnT-UGU,trnL-UAA,trnF-GAA,ndhJ,ndhK,ndhC,trnV-UAC,trnM-CAU,atpE,atpB,rbcL,trnR-CCG,accD,psaI,ycf4,cemA,petA,psbJ,psbL,psbF,psbE,petL,petG,trnW-CCA,trnP-UGG,psaJ,rpl33,rps18,rpl20,rps12,rps12,clpP,psbB,psbT,psbN,psbH,petB,petD,rpoA,rps11,rpl36,infA,rps8,rpl14,rpl16,rps3,rpl22,rps19,rpl2,rpl23,trnV-GAC,rrn16,trnI-GAU,trnA-UGC,rrn23,rrn4.5,rrn5,trnR-ACG,trnN-GUU,ndhF,rpl21,rpl32,cysT,trnL-UAG,ccsA,ndhD,psaC,ndhE,ndhG,ndhI,ndhA,ndhH,rps15,ycf1,chlN,chlL,trnN-GUU,trnR-ACG,rrn5,rrn4.5,rrn23,trnA-UGC,trnI-GAU,rrn16,trnV-GAC",131
https://www.ncbi.nlm.nih.gov/Taxonomy/Browser/wwwtax.cgi?id=203687,"rps7,ndhB,tRNA,psbM,ycf66,petN,trnC-GCA,rpoB,rpoC1,rpoC2,rps2,atpI,atpH,atpF,atpA,trnR-UCU,trnG-GCC,ycf12,psaM,trnS-GCU,psbl,psbK,trnQ-UUG,chlB,trnK,matK,psbA,trnH-GUG,ycf2,trnD-GUC,trnY-GUA,trnE-UGA,trnT-GGU,psbD,psbC,trnS-GGA,psbZ,trnG-UCC,trnfM-CAU,rps14,psaB,psaA,ycf3,trnS-UGA,rps4,trnT-UGU,trnL-UAA,trnF-GAA,ndhJ,ndhK,ndhC,trnV-UAC,trnM-CAU,atpE,atpB,rbcL,trnR-CCG,accD,psal,ycf4,cemA,petA,psbJ,psbL,psbF,psbE,petL,petG,trnW-CCA,trnP-UGG,psaJ,rpl33,rps18,rpl20,rps12,rps12,clpP,psbB,psbT,psbN,psbH,petB,petD,rpoA,rps11,rpl36,infA,rps8,rpl14,rpl16,rps3,rpl22,rps19,rpl2,rpl23,trnI-CAU,trnV-GAC,16S,trnI-GAU,ycf68,trnA-UGC,rrn23,rrn4.5,rrn5,trnR-ACG,trnN-GUU,ndhF,rpl21,rpl32,trnL-UAG,ccsA,ndhD,psaC,ndhE,ndhG,ndhl,ndhA,ndhH,rps15,ycf1,chlN,chlL,trnN-GUU,trnR-ACG,5S,4.5S,23S,trnA-UGC,trnI-GAU,ycf68,16S,trnV-GAC",132
https://www.ncbi.nlm.nih.gov/Taxonomy/Browser/wwwtax.cgi?id=460918,petA,1
https://www.ncbi.nlm.nih.gov/Taxonomy/Browser/wwwtax.cgi?id=280810,cysA,1
https://www.ncbi.nlm.nih.gov/Taxonomy/Browser/wwwtax.cgi?id=280810,"rpl32,cysT",2
https://www.ncbi.nlm.nih.gov/Taxonomy/Browser/wwwtax.cgi?id=460916,petA,1
https://www.ncbi.nlm.nih.gov/Taxonomy/Browser/wwwtax.cgi?id=39026,psbM,1
https://www.ncbi.nlm.nih.gov/Taxonomy/Browser/wwwtax.cgi?id=280810,"ndhC,ndhJ",2
https://www.ncbi.nlm.nih.gov/Taxonomy/Browser/wwwtax.cgi?id=280810,"ndhF,trnN",2
https://www.ncbi.nlm.nih.gov/Taxonomy/Browser/wwwtax.cgi?id=39026,petA,1
https://www.ncbi.nlm.nih.gov/Taxonomy/Browser/wwwtax.cgi?id=460914,rbcL,1
https://www.ncbi.nlm.nih.gov/Taxonomy/Browser/wwwtax.cgi?id=280810,psbC,1
https://www.ncbi.nlm.nih.gov/Taxonomy/Browser/wwwtax.cgi?id=280810,"psbK,psbI",2
https://www.ncbi.nlm.nih.gov/Taxonomy/Browser/wwwtax.cgi?id=1480154,rps4,1
https://www.ncbi.nlm.nih.gov/Taxonomy/Browser/wwwtax.cgi?id=280810,psbM,1
https://www.ncbi.nlm.nih.gov/Taxonomy/Browser/wwwtax.cgi?id=460914,psbC,1
https://www.ncbi.nlm.nih.gov/Taxonomy/Browser/wwwtax.cgi?id=460920,psbM,1
https://www.ncbi.nlm.nih.gov/Taxonomy/Browser/wwwtax.cgi?id=460914,"rpl32,cysT",2
https://www.ncbi.nlm.nih.gov/Taxonomy/Browser/wwwtax.cgi?id=460913,"psbK,psbI",2
https://www.ncbi.nlm.nih.gov/Taxonomy/Browser/wwwtax.cgi?id=1480154,psbA,1
https://www.ncbi.nlm.nih.gov/Taxonomy/Browser/wwwtax.cgi?id=280810,"ndhC,ndhJ",2
https://www.ncbi.nlm.nih.gov/Taxonomy/Browser/wwwtax.cgi?id=280810,psbB,1
https://www.ncbi.nlm.nih.gov/Taxonomy/Browser/wwwtax.cgi?id=280810,"psbK,psbI",2
https://www.ncbi.nlm.nih.gov/Taxonomy/Browser/wwwtax.cgi?id=1480152,psbA,1
https://www.ncbi.nlm.nih.gov/Taxonomy/Browser/wwwtax.cgi?id=460914,psbD,1
https://www.ncbi.nlm.nih.gov/Taxonomy/Browser/wwwtax.cgi?id=39026,petA,1
https://www.ncbi.nlm.nih.gov/Taxonomy/Browser/wwwtax.cgi?id=1480152,rps4,1
https://www.ncbi.nlm.nih.gov/Taxonomy/Browser/wwwtax.cgi?id=460915,petA,1
https://www.ncbi.nlm.nih.gov/Taxonomy/Browser/wwwtax.cgi?id=460914,"psbK,psbI",2
https://www.ncbi.nlm.nih.gov/Taxonomy/Browser/wwwtax.cgi?id=1480154,psbA,1
https://www.ncbi.nlm.nih.gov/Taxonomy/Browser/wwwtax.cgi?id=280810,rbcL,1
https://www.ncbi.nlm.nih.gov/Taxonomy/Browser/wwwtax.cgi?id=1480152,rps4,1
https://www.ncbi.nlm.nih.gov/Taxonomy/Browser/wwwtax.cgi?id=280810,"rpl32,cysT",2
https://www.ncbi.nlm.nih.gov/Taxonomy/Browser/wwwtax.cgi?id=460921,psbD,1
https://www.ncbi.nlm.nih.gov/Taxonomy/Browser/wwwtax.cgi?id=1480154,psbA,1
https://www.ncbi.nlm.nih.gov/Taxonomy/Browser/wwwtax.cgi?id=56939,"trnL-CAA,psbM,ycf66,petN,trnC-GCA,rpoB,rpoC1,rpoC2,rps2,atpI,atpH,atpF,atpA,trnR-UCU,trnG-GCC,ycf12,psaM,trnS-GCU,psbI,psbK,trnQ-UUG,chlB,trnK-UUU,matK,psbA,trnH-GUG,ycf2,trnD-GUC,trnY-GUA,trnE-UUC,cysA,trnT-GGU,psbD,psbC,trnS-UGA,psbZ,trnG-UCC,trnfM-CAU,rps14,psaB,psaA,ycf3,trnS-GGA,rps4,trnT-UGU,trnL-UAA,trnF-GAA,ndhJ,psbG,ndh3,trnV-UAC,trnM-CAU,atpE,atpB,rbcL,trnR-CCG,accD,psaI,ycf4,cemA,petA,psbJ,psbL,psbF,psbE,petL,petG,trnW-CCA,trnP-UGG,psaJ,rpl33,rps18,rpl20,clpP,psbB,psbT,psbN,psbH,petB,petD,rpoA,rps11,infA,rps8,rpl14,rpl16,rps3,rpl22,rps19,rpl2,rpl23,trnI-CAU,ndh2,rps7,rps12,rps12,trnV-GAC,rrn16,trnI-GAU,ycf68,trnA-UGC,rrn23,rrn4.5,rrn5,trnR-ACG,trnN-GUU,ndh5,rpl21,rpl32,trnL-UAG,ccsA,ndh4,frxA,ndh4L,ndhG,frxB,ndh1,ndhH,rps15,ycf1,chlN,frxC,trnN-GUU,trnR-ACG,rrn5,rrn4.5,rrn23,trnA-UGC,trnI-GAU,ycf68,rrn16,trnV-GAC",132
https://www.ncbi.nlm.nih.gov/Taxonomy/Browser/wwwtax.cgi?id=460919,psbB,1
https://www.ncbi.nlm.nih.gov/Taxonomy/Browser/wwwtax.cgi?id=1480153,rps4,1
https://www.ncbi.nlm.nih.gov/Taxonomy/Browser/wwwtax.cgi?id=37395,"rps7,ndhB,trnL-CAA,psbM,ycf66,trnC-GCA,rpoB,rpoC1,rpoC2,rps2,atpI,atpH,atpF,atpA,trnR-UCU,trnG-UCC,ycf12,psaM,trnS-GCU,psbI,psbK,trnQ-UUG,chlB,trnK-UUU,matK,psbA,trnH-GUG,ycf2,trnD-GUC,trnY-GUA,trnE-UUC,cysA,trnT-GGU,psbD,psbC,trnS-UGA,psbZ,trnG-GCC,trnfM-CAU,rps14,psaB,psaA,pafI,trnS-GGA,rps4,trnT-UGU,trnL-UAA,trnF-GAA,ndhJ,ndhK,ndhC,trnV-UAC,trnM-CAU,atpE,atpB,rbcL,trnR-CCG,accD,psaI,pafII,cemA,petA,psbJ,psbL,psbF,psbE,petL,petG,trnW-CCA,trnP-UGG,psaJ,rpl33,rps18,rpl20,rps12,rps12,clpP,psbB,psbT,psbN,psbH,petB,petD,rpoA,rps11,rpl36,infA,rps8,rpl14,rpl16,rps3,rpl22,rps19,rpl2,rpl23,trnI-CAU,trnV-GAC,trnI-GAU,trnA-UGC,trnR-ACG,trnN-GUU,ndhF,rpl21,rpl32,cysT,trnL-UAG,ccsA,ndhD,psaC,ndhE,ndhG,ndhI,ndhA,ndhH,rps15,tic214,chlN,chlL,trnN-GUU,trnR-ACG,trnA-UGC,trnI-GAU,trnV-GAC",123
https://www.ncbi.nlm.nih.gov/Taxonomy/Browser/wwwtax.cgi?id=460916,"psbK,psbI",2
https://www.ncbi.nlm.nih.gov/Taxonomy/Browser/wwwtax.cgi?id=280810,petN,1
https://www.ncbi.nlm.nih.gov/Taxonomy/Browser/wwwtax.cgi?id=280810,"ndhF,trnN",2
https://www.ncbi.nlm.nih.gov/Taxonomy/Browser/wwwtax.cgi?id=460915,psbB,1
https://www.ncbi.nlm.nih.gov/Taxonomy/Browser/wwwtax.cgi?id=1133302,"rps7,ndhB,trnL-CAA,psbM,ycf66,petN,trnC-GCA,rpoB,rpoC1,rpoC2,rps2,atpI,atpH,atpF,atpA,trnR-UCU,trnG-UCC,ycf12,psaM,trnS-GCU,psbl,psbK,trnQ-UUG,chlB,trnK-UUU,matK,psbA,trnH-GUG,ycf2,trnD-GUC,trnY-GUA,trnE-UUC,trnT-GGU,psbD,psbC,trnS-UGA,psbZ,trnG-GCC,trnfM-CAU,rps14,psaB,psaA,pafI,trnS-GGA,rps4,trnT-UGU,trnL-UAA,trnF-GAA,ndhJ,ndhK,ndhC,trnV-UAC,trnM-CAU,atpE,atpB,rbcL,trnR-CCG,accD,psal,pafII,cemA,petA,psbJ,psbL,psbF,psbE,petL,petG,trnW-CCA,trnP-UGG,psaJ,rpl33,rps18,rpl20,rps12,rps12,clpP,psbB,psbT,psbN,psbH,petB,petD,rpoA,rps11,rpl36,infA,rps8,rpl14,rpl16,rps3,rpl22,rps19,rpl2,rpl23,trnI-CAU,trnV-GAC,16S,trnI-GAU,trnA-UGC,rrn23,rrn4.5,rrn5,trnR-ACG,trnN-GUU,ndhF,rpl21,rpl32,trnL-UAG,ccsA,ndhD,psaC,ndhE,ndhG,ndhl,ndhA,ndhH,rps15,ORF474,ycf1,chlN,chlL,trnN-GUU,trnR-ACG,5S,4.5S,23S,trnA-UGC,trnI-GAU,16S,trnV-GAC",131
https://www.ncbi.nlm.nih.gov/Taxonomy/Browser/wwwtax.cgi?id=39026,psbB,1
https://www.ncbi.nlm.nih.gov/Taxonomy/Browser/wwwtax.cgi?id=39026,psbM,1
https://www.ncbi.nlm.nih.gov/Taxonomy/Browser/wwwtax.cgi?id=1480154,rps4,1
https://www.ncbi.nlm.nih.gov/Taxonomy/Browser/wwwtax.cgi?id=280810,petL,1
https://www.ncbi.nlm.nih.gov/Taxonomy/Browser/wwwtax.cgi?id=39026,"rpl32,cysT",2
https://www.ncbi.nlm.nih.gov/Taxonomy/Browser/wwwtax.cgi?id=280810,"rpl32,cysT",2
https://www.ncbi.nlm.nih.gov/Taxonomy/Browser/wwwtax.cgi?id=280810,"ndhC,ndhJ",2
https://www.ncbi.nlm.nih.gov/Taxonomy/Browser/wwwtax.cgi?id=460919,"rpl32,cysT",2
https://www.ncbi.nlm.nih.gov/Taxonomy/Browser/wwwtax.cgi?id=460918,"psbK,psbI",2
https://www.ncbi.nlm.nih.gov/Taxonomy/Browser/wwwtax.cgi?id=460914,petA,1
https://www.ncbi.nlm.nih.gov/Taxonomy/Browser/wwwtax.cgi?id=93925,"rps7,ndhB,ndhB,psbM,ycf66,ycf66,rpoB,rpoC1,rpoC1,rpoC2,rps2,atpI,atpH,atpF,atpF,atpA,ycf12,psaM,psbI,psbK,chlB,matK,psbA,ycf2,cysA,psbD,psbC,psbZ,rps14,psaB,psaA,rps4,ndhJ,ndhK,ndhC,atpE,atpB,rbcL,accD,psaI,ycf4,cemA,petA,psbJ,psbL,psbF,psbE,petL,petG,psaJ,rpl33,rps18,rpl20,rps12,rps12,clpP,psbB,psbT,psbN,psbH,petB,petB,petD,petD,rpoA,rps11,rpl36,infA,rps8,rpl14,rpl16,rps3,rpl22,rps19,rpl2,rpl23,ndhF,rpl21,rpl32,cysT,ccsA,ndhD,psaC,ndhE,ndhG,ndhI,ndhA,ndhH,rps15,TIC214,chlL",91
https://www.ncbi.nlm.nih.gov/Taxonomy/Browser/wwwtax.cgi?id=1480154,rps4,1
https://www.ncbi.nlm.nih.gov/Taxonomy/Browser/wwwtax.cgi?id=56931,"rps7,ndhB,trnL-CAA,psbM,ycf66,petN,trnC-GCA,rpoB,rpoC1,rpoC2,rps2,atpI,atpH,atpF,atpA,trnR-UCU,trnG-GCC,ycf12,psaM,trnS-GCU,psbI,psbK,trnQ-UUG,chlB,trnK-UUU,matK,psbA,trnH-GUG,ycf2,trnD-GUC,trnY-GUA,trnE-UUC,cysA,trnT-GGU,psbD,psbC,trnS-UGA,psbZ,trnG-UCC,trnfM-CAU,rps14,psaB,psaA,ycf3,trnS-GGA,rps4,trnT-UGU,trnL-UAA,trnF-GAA,ndhJ,ndhK,ndhC,trnV-UAC,trnM-CAU,atpE,atpB,rbcL,trnR-CCG,accD,psaI,ycf4,cemA,petA,psbJ,psbL,psbF,psbE,petL,petG,trnW-CCA,trnP-UGG,psaJ,rpl33,rps18,rpl20,rps12,rps12,clpP,psbB,psbT,psbN,psbH,petB,petD,rpoA,rps11,rpl36,infA,rps8,rpl14,rpl16,rps3,rpl22,rps19,rpl2,rpl23,trnI-CAU,trnV-GAC,rrn16,trnI-GAU,trnA-UGC,rrn23,rrn4.5,rrn5,trnR-ACG,trnN-GUU,ndhF,rpl21,rpl32,cysT,trnL-UAG,ccsA,ndhD,psaC,ndhE,ndhG,ndhI,ndhA,ndhH,rps15,ycf1-2,ycf1,chlN,chlL,trnN-GUU,trnR-ACG,5S,4.5S,23S,trnA-UGC,trnI-GAU,rrn16,trnV-GAC",133
https://www.ncbi.nlm.nih.gov/Taxonomy/Browser/wwwtax.cgi?id=93925,rps4,1
https://www.ncbi.nlm.nih.gov/Taxonomy/Browser/wwwtax.cgi?id=280810,"ndhC,ndhJ",2
https://www.ncbi.nlm.nih.gov/Taxonomy/Browser/wwwtax.cgi?id=280810,"ndhC,ndhJ",2
https://www.ncbi.nlm.nih.gov/Taxonomy/Browser/wwwtax.cgi?id=1068553,"rps7,ndhB,tRNA,psbM,ycf66,petN,trnC-GCA,rpoB,rpoC1,rpoC2,rps2,atpI,atpH,atpF,atpA,trnR-UCU,trnG-GCC,ycf12,psaM,trnS-GCU,psbl,psbK,trnQ-UUG,chlB,trnK,matK,psbA,trnH-GUG,ycf2,trnD-GUC,trnY-GUA,trnE-UGA,trnT-GGU,psbD,psbC,trnS-GGA,psbZ,trnG-UCC,trnfM-CAU,rps14,psaB,psaA,ycf3,trnS-UGA,rps4,trnT-UGU,trnL-UAA,trnF-GAA,ndhJ,ndhK,ndhC,trnV-UAC,trnM-CAU,atpE,atpB,rbcL,trnR-CCG,accD,psal,ycf4,cemA,petA,psbJ,psbL,psbF,psbE,petL,petG,trnW-CCA,trnP-UGG,psaJ,rpl33,rps18,rpl20,rps12,rps12,clpP,psbB,psbT,psbN,psbH,petB,petD,rpoA,rps11,rpl36,infA,rps8,rpl14,rpl16,rps3,rpl22,rps19,rpl2,rpl23,trnI-CAU,trnV-GAC,16S,trnI-GAU,ycf68,trnA-UGC,rrn23,rrn4.5,rrn5,trnR-ACG,trnN-GUU,ndhF,rpl21,rpl32,trnL-UAG,ccsA,ndhD,psaC,ndhE,ndhG,ndhl,ndhA,ndhH,rps15,ycf1,chlN,chlL,trnN-GUU,trnR-ACG,5S,4.5S,23S,trnA-UGC,trnI-GAU,ycf68,16S,trnV-GAC",132
https://www.ncbi.nlm.nih.gov/Taxonomy/Browser/wwwtax.cgi?id=460921,"psbK,psbI",2
https://www.ncbi.nlm.nih.gov/Taxonomy/Browser/wwwtax.cgi?id=280810,petN,1
https://www.ncbi.nlm.nih.gov/Taxonomy/Browser/wwwtax.cgi?id=1480154,"rps12,rps7,ndhB,psbM,ycf66,ycf (ORF29),rpoB,rpoC1,rpoC2,rps2,atpI,atpH,atpF,atpA,ycf12,ycf (45),psaM,psbI,psbK,chlB,ycf (ORF50),matK,psbA,ycf2,cysA,psbD,psbC,psbZ,rps14,psaB,psaA,pafI,rps4,ndhJ,ndhK,ndhC,atpE,atpB,rbcL,accD,psaI,pafII,cemA,petA,psbJ,psbL,psbF,psbE,petL,petG,psaJ,rpl33,rps18,rpl20,rps12,rps12,clpP,psbB,psbT,psbN,psbH,petB,petD,rpoA,rps11,rpl36,infA,rps8,rpl14,rpl16,rps3,rpl22,rps19,rpl2,rpl23,ndhF,rpl21,rpl32,cysT,ccsA,ndhD,psaC,ndhE,ndhG,ndhI,ndhA,ndhH,rps15,ORF464,tic214,chlN,chlL",92
https://www.ncbi.nlm.nih.gov/Taxonomy/Browser/wwwtax.cgi?id=642337,"rps7,ndhB,tRNA,psbM,ycf66,petN,trnC-GCA,rpoB,rpoC1,rpoC2,rps2,atpI,atpH,atpF,atpA,trnR-UCU,trnG-GCC,ycf12,psaM,trnS-GCU,psbl,psbK,trnQ-UUG,chlB,trnK,matK,psbA,trnH-GUG,ycf2,trnD-GUC,trnY-GUA,trnE-UGA,trnT-GGU,psbD,psbC,trnS-GGA,psbZ,trnG-UCC,trnfM-CAU,rps14,psaB,psaA,ycf3,trnS-UGA,rps4,trnT-UGU,trnL-UAA,trnF-GAA,ndhJ,ndhK,ndhC,trnV-UAC,trnM-CAU,atpE,atpB,rbcL,trnR-CCG,accD,psal,ycf4,cemA,petA,psbJ,psbL,psbF,psbE,petL,petG,trnW-CCA,trnP-UGG,psaJ,rpl33,rps18,rpl20,rps12,rps12,clpP,psbB,psbT,psbN,psbH,petB,petD,rpoA,rps11,rpl36,infA,rps8,rpl14,rpl16,rps3,rpl22,rps19,rpl2,rpl23,trnI-CAU,trnV-GAC,16S,trnI-GAU,ycf68,trnA-UGC,rrn23,rrn4.5,rrn5,trnR-ACG,trnN-GUU,ndhF,rpl21,rpl32,trnL-UAG,ccsA,ndhD,psaC,ndhE,ndhG,ndhl,ndhA,ndhH,rps15,ycf1,chlN,chlL,trnN-GUU,trnR-ACG,5S,4.5S,23S,trnA-UGC,trnI-GAU,ycf68,16S,trnV-GAC",132
https://www.ncbi.nlm.nih.gov/Taxonomy/Browser/wwwtax.cgi?id=280810,"ndhF,trnN",2
https://www.ncbi.nlm.nih.gov/Taxonomy/Browser/wwwtax.cgi?id=39026,petN,1
https://www.ncbi.nlm.nih.gov/Taxonomy/Browser/wwwtax.cgi?id=1480153,psbA,1
https://www.ncbi.nlm.nih.gov/Taxonomy/Browser/wwwtax.cgi?id=1480152,psbA,1
https://www.ncbi.nlm.nih.gov/Taxonomy/Browser/wwwtax.cgi?id=2854286,"rps7,ndhB,trnL-CAA,psbM,ycf66,petN,trnC-GCA,rpoB,rpoC1,rpoC2,rps2,atpI,atpH,atpF,atpA,trnR-UCU,trnG-GCC,ycf12,psaM,trnS-GCU,psbI,psbK,trnQ-UUG,chlB,trnK-UUU,matK,psbA,trnH-GUG,ycf2,trnD-GUC,trnY-GUA,trnE-UUC,cysA,trnT-GGU,psbD,psbC,trnS-UGA,psbZ,trnG-UCC,trnfM-CAU,rps14,psaB,psaA,ycf3,trnS-GGA,rps4,trnT-UGU,trnL-UAA,trnF-GAA,ndhJ,ndhK,ndhC,trnV-UAC,trnM-CAU,atpE,atpB,rbcL,trnR-CCG,accD,psaI,ycf4,cemA,petA,psbJ,psbL,psbF,psbE,petL,petG,trnW-CCA,trnP-UGG,psaJ,rpl33,rps18,rpl20,rps12,rps12,clpP,psbB,psbT,psbN,psbH,petB,petD,rpoA,rps11,rpl36,infA,rps8,rpl14,rpl16,rps3,rpl22,rps19,rpl2,rpl23,trnI-CAU,trnV-GAC,16S,trnI-GAU,ycf68,trnA-UGC,rrn23,rrn4.5,rrn5,trnR-ACG,trnN-GUU,ndhF,rpl21,rpl32,cysT,trnL-UAG,ccsA,ndhD,psaC,ndhE,ndhG,ndhI,ndhA,ndhH,rps15,ycf1,chlN,chlL,trnN-GUU,trnR-ACG,5S,4.5S,23S,trnA-UGC,trnI-GAU,ycf68,16S,trnV-GAC",134
https://www.ncbi.nlm.nih.gov/Taxonomy/Browser/wwwtax.cgi?id=1480153,psbA,1
https://www.ncbi.nlm.nih.gov/Taxonomy/Browser/wwwtax.cgi?id=248355,"rps7,ndhB,trnL-CAA,psbM,ycf66,petN,trnC-GCA,rpoB,rpoC1,rpoC2,rps2,atpI,atpH,atpF,atpA,trnR-UCU,trnG-UCC,ycf12,psaM,trnS-GCU,psbI,psbK,trnQ-UUG,chlB,trnK-UUU,matK,psbA,trnH-GUG,ycf2,trnD-GUC,trnY-GUA,trnE-UUC,trnT-GGU,psbD,psbC,trnS-UGA,psbZ,trnG-GCC,trnfM-CAU,rps14,psaB,psaA,pafI,trnS-GGA,rps4,trnT-UGU,trnL-UAA,trnF-GAA,ndhJ,ndhK,ndhC,trnV-UAC,trnM-CAU,atpE,atpB,rbcL,trnR-CCG,accD,psal,pafII,cemA,petA,psbJ,psbL,psbF,psbE,petL,petG,trnW-CCA,trnP-UGG,psaJ,rpl33,rps18,rpl20,rps12,rps12,clpP,psbB,psbT,psbN,psbH,petB,petD,rpoA,rps11,rpl36,infA,rps8,rpl14,rpl16,rps3,rpl22,rps19,rpl2,rpl23,trnI-CAU,trnV-GAC,16S,trnI-GAU,trnA-UGC,rrn23,rrn4.5,rrn5,trnR-ACG,trnN-GUU,ndhF,rpl21,rpl32,trnL-UAG,ccsA,ndhD,psaC,ndhE,ndhG,ndhl,ndhA,ndhH,rps15,ORF474,ycf1,chlN,chlL,trnN-GUU,trnR-ACG,5S,4.5S,23S,trnA-UGC,trnI-GAU,16S,trnV-GAC",131
https://www.ncbi.nlm.nih.gov/Taxonomy/Browser/wwwtax.cgi?id=362796,"rps7,ndhB,tRNA,psbM,ycf66,petN,trnC-GCA,rpoB,rpoC1,rpoC2,rps2,atpI,atpH,atpF,atpA,trnR-UCU,trnG-GCC,ycf12,psaM,trnS-GCU,psbl,psbK,trnQ-UUG,chlB,trnK,matK,psbA,trnH-GUG,ycf2,trnD-GUC,trnY-GUA,trnE-UGA,trnT-GGU,psbD,psbC,trnS-GGA,psbZ,trnG-UCC,trnfM-CAU,rps14,psaB,psaA,ycf3,trnS-UGA,rps4,trnT-UGU,trnL-UAA,trnF-GAA,ndhJ,ndhK,ndhC,trnV-UAC,trnM-CAU,atpE,atpB,rbcL,trnR-CCG,accD,psal,ycf4,cemA,petA,psbJ,psbL,psbF,psbE,petL,petG,trnW-CCA,trnP-UGG,psaJ,rpl33,rps18,rpl20,rps12,rps12,clpP,psbB,psbT,psbN,psbH,petB,petD,rpoA,rps11,rpl36,infA,rps8,rpl14,rpl16,rps3,rpl22,rps19,rpl2,rpl23,trnI-CAU,trnV-GAC,16S,trnI-GAU,ycf68,trnA-UGC,rrn23,rrn4.5,rrn5,trnR-ACG,trnN-GUU,ndhF,rpl21,rpl32,trnL-UAG,ccsA,ndhD,psaC,ndhE,ndhG,ndhl,ndhA,ndhH,rps15,ycf1,chlN,chlL,trnN-GUU,trnR-ACG,5S,4.5S,23S,trnA-UGC,trnI-GAU,ycf68,16S,trnV-GAC",132
https://www.ncbi.nlm.nih.gov/Taxonomy/Browser/wwwtax.cgi?id=588641,"trnL (UAA),nad5,nad4,nad2,trnR (UCU),trnY (GUA),trnR (ACG),trnG (GCC),trnE (UUC),rps12,rps7,atp6,nad6,trnN (GUU),trnP (UGG),sdh3,trnW (CCA),nad3,trnV (UAC),trnD (GUC),trnS (GCU),trnA (UGC),nad7,rps10,rpl2,rps19,rps3,rpl16,rpl5,rps14,rps8,rpl6,rps13,rps11,rps1,atp8,sdh4,nad4L,trnY (GUA),trnR (UCU),tatC,cox2,cox3,nad1,cob,rtl,nad9,atp1,cox1,atp4,trnMf (CAU),rrn26,rrn5,trnM (CAU),rrn18,rps4,trnG (UCC),trnS (UGA),trnL (UAG),trnK (UUU),trnI (CAU),atp9,trnC (GCA),trnF (GAA),rps2,ccmB,ccmC,ccmFN,ccmFC,trnQ (UUG),rpl10,trnH (GUG),trnL (CAA)",73
https://www.ncbi.nlm.nih.gov/Taxonomy/Browser/wwwtax.cgi?id=39026,psbD,1
https://www.ncbi.nlm.nih.gov/Taxonomy/Browser/wwwtax.cgi?id=1480154,psbA,1
https://www.ncbi.nlm.nih.gov/Taxonomy/Browser/wwwtax.cgi?id=280810,"rps7,ndhB,trnL-CAA,psbM,petN,trnC-GCA,rpoB,rpoC1,rpoC2,rps2,atpI,atpH,atpF,atpA,trnR-UCU,trnG-UCC,ycf12,psaM,trnS-GCU,psbI,psbK,trnQ-UUG,chlB,trnK-UUU,matK,psbA,trnH-GUG,ycf2,trnD-GUC,trnY-GUA,trnE-UUC,cysA,trnT-GGU,psbD,psbC,trnS-UGA,psbZ,trnG-GCC,trnfM-CAU,rps14,psaB,psaA,ycf3,trnS-GGA,rps4,trnT-UGU,trnL-UAA,trnF-GAA,ndhJ,ndhC,trnV-UAC,trnV-UAC,trnM-CAU,atpE,atpB,rbcL,trnR-CCG,accD,psaI,ycf4,cemA,petA,psbJ,psbL,psbF,petL,psbE,petG,trnW-CCA,trnP-UGG,psaJ,rpl33,rps18,rpl20,rps12,rps12,rps12,clpP,psbB,psbT,psbN,psbH,petB,petD,rpoA,rps11,rpl36,infA,rps8,rpl14,rpl16,rps3,rpl22,rps19,rpl2,rpl23,trnI-CAU,trnV-GAC,rrn16,trnI-GAU,ycf68,trnA-UGC,rrn23,rrn4.5,rrn5,trnR-ACG,trnN-GUU,ndhF,rpl21,rpl32,cysT,trnL-UAG,ccsA,ndhD,psaC,ndhE,rps15,ycf1,chlN,chlL,trnN-GUU,trnR-ACG,rrn5,rrn4.5,rrn23,trnA-UGC,trnI-GAU,ycf68,rrn16,trnV-GAC",130
https://www.ncbi.nlm.nih.gov/Taxonomy/Browser/wwwtax.cgi?id=39026,"psbK,psbI",2
https://www.ncbi.nlm.nih.gov/Taxonomy/Browser/wwwtax.cgi?id=280810,psbB,1
https://www.ncbi.nlm.nih.gov/Taxonomy/Browser/wwwtax.cgi?id=39026,"psaC,ndhE,ndhG,ndhI,ndhA,ndhH",6
https://www.ncbi.nlm.nih.gov/Taxonomy/Browser/wwwtax.cgi?id=248355,"rps7,ndhB,trnL-CAA,psbM,ycf66,petN,trnC-GCA,rpoB,rpoC1,rpoC2,rps2,atpI,atpH,atpF,atpA,trnR-UCU,trnG-UCC,ycf12,psaM,trnS-GCU,psbI,psbK,trnQ-UUG,chlB,trnK-UUU,matK,psbA,trnH-GUG,ycf2,trnD-GUC,trnY-GUA,trnE-UUC,trnT-GGU,psbD,psbC,trnS-UGA,psbZ,trnG-GCC,trnfM-CAU,rps14,psaB,psaA,pafI,trnS-GGA,rps4,trnT-UGU,trnL-UAA,trnF-GAA,ndhJ,ndhK,ndhC,trnV-UAC,trnM-CAU,atpE,atpB,rbcL,trnR-CCG,accD,psal,pafII,cemA,petA,psbJ,psbL,psbF,psbE,petL,petG,trnW-CCA,trnP-UGG,psaJ,rpl33,rps18,rpl20,rps12,rps12,clpP,psbB,psbT,psbN,psbH,petB,petD,rpoA,rps11,rpl36,infA,rps8,rpl14,rpl16,rps3,rpl22,rps19,rpl2,rpl23,trnI-CAU,trnV-GAC,16S,trnI-GAU,trnA-UGC,rrn23,rrn4.5,rrn5,trnR-ACG,trnN-GUU,ndhF,rpl21,rpl32,trnL-UAG,ccsA,ndhD,psaC,ndhE,ndhG,ndhl,ndhA,ndhH,rps15,ORF474,ycf1,chlN,chlL,trnN-GUU,trnR-ACG,5S,4.5S,23S,trnA-UGC,trnI-GAU,16S,trnV-GAC",131
https://www.ncbi.nlm.nih.gov/Taxonomy/Browser/wwwtax.cgi?id=1480154,"rps7,ndhB,trnL-CAA,psbM,ycf66,orf29,trnC-GCA,rpoB,rpoC1,rpoC2,rps2,atpI,atpH,atpF,atpA,trnR-UCU,trnG-UCC,ycf12,orf45,psaM,trnS-GCU,psbI,psbK,trnQ-UUG,chlB,orf50,trnK-UUU,matK,psbA,trnH-GUG,ycf2,trnD-GUC,trnY-GUA,trnE-UUC,cysA,trnT-GGU,psbD,psbC,trnS-UGA,psbZ,trnG-GCC,trnM-CAU,rps14,psaB,psaA,pafI,trnS-GGA,rps4,trnT-UGU,trnL-UAA,trnF-GAA,ndhJ,ndhK,ndhC,trnV-UAC,trnM-CAU,atpE,atpB,rbcL,trnR-CCG,accD,psaI,pafII,cemA,petA,psbJ,psbL,psbF,psbE,petL,petG,trnW-CCA,trnP-UGG,psaJ,rpl33,rps18,rpl20,rps12,rps12,clpP,psbB,psbT,psbN,psbH,petB,petD,rpoA,rps11,rpl36,infA,rps8,rpl14,rpl16,rps3,rpl22,rps19,rpl2,rpl23,trnI-CAU,trnV-GAC,trnI-GAU,trnA-UGC,trnR-ACG,trnN-GUU,ndhF,rpl21,rpl32,cysT,trnL-UAG,ccsA,ndhD,psaC,ndhE,ndhG,ndhI,ndhA,ndhH,rps15,ORF464,tic214,chlN,chlL,trnN-GUU,trnR-ACG,trnA-UGC,trnI-GAU,trnV-GAC",127
https://www.ncbi.nlm.nih.gov/Taxonomy/Browser/wwwtax.cgi?id=39026,psbB,1
https://www.ncbi.nlm.nih.gov/Taxonomy/Browser/wwwtax.cgi?id=280810,cysA,1
https://www.ncbi.nlm.nih.gov/Taxonomy/Browser/wwwtax.cgi?id=1480154,rps4,1
https://www.ncbi.nlm.nih.gov/Taxonomy/Browser/wwwtax.cgi?id=39026,petN,1
https://www.ncbi.nlm.nih.gov/Taxonomy/Browser/wwwtax.cgi?id=39026,psbC,1
https://www.ncbi.nlm.nih.gov/Taxonomy/Browser/wwwtax.cgi?id=39026,psbB,1
https://www.ncbi.nlm.nih.gov/Taxonomy/Browser/wwwtax.cgi?id=460922,cysA,1
https://www.ncbi.nlm.nih.gov/Taxonomy/Browser/wwwtax.cgi?id=39026,petA,1
https://www.ncbi.nlm.nih.gov/Taxonomy/Browser/wwwtax.cgi?id=460921,cysA,1
https://www.ncbi.nlm.nih.gov/Taxonomy/Browser/wwwtax.cgi?id=1480152,matK,1
https://www.ncbi.nlm.nih.gov/Taxonomy/Browser/wwwtax.cgi?id=1480152,matK,1
https://www.ncbi.nlm.nih.gov/Taxonomy/Browser/wwwtax.cgi?id=280810,petL,1
https://www.ncbi.nlm.nih.gov/Taxonomy/Browser/wwwtax.cgi?id=460913,petA,1
https://www.ncbi.nlm.nih.gov/Taxonomy/Browser/wwwtax.cgi?id=460921,psbM,1
https://www.ncbi.nlm.nih.gov/Taxonomy/Browser/wwwtax.cgi?id=39026,psbB,1
https://www.ncbi.nlm.nih.gov/Taxonomy/Browser/wwwtax.cgi?id=39026,petN,1
https://www.ncbi.nlm.nih.gov/Taxonomy/Browser/wwwtax.cgi?id=280810,"rpl32,cysT",2
https://www.ncbi.nlm.nih.gov/Taxonomy/Browser/wwwtax.cgi?id=93925,psbA,1
https://www.ncbi.nlm.nih.gov/Taxonomy/Browser/wwwtax.cgi?id=280810,psaB,1
https://www.ncbi.nlm.nih.gov/Taxonomy/Browser/wwwtax.cgi?id=460922,"psbK,psbI",2
https://www.ncbi.nlm.nih.gov/Taxonomy/Browser/wwwtax.cgi?id=39026,"rpl32,cysT",2
https://www.ncbi.nlm.nih.gov/Taxonomy/Browser/wwwtax.cgi?id=2846787,"rps7,ndhB,trnL-CAA,psbM,ycf66,petN,trnC-GCA,rpoB,rpoC1,rpoC2,rps2,atpI,atpH,atpF,atpA,trnR-UCU,trnG-GCC,ycf12,psaM,trnS-GCU,psbI,psbK,trnQ-UUG,chlB,trnK-UUU,matK,psbA,trnH-GUG,ycf2,trnD-GUC,trnY-GUA,trnE-UUC,cysA,trnT-GGU,psbD,psbC,trnS-UGA,psbZ,trnG-UCC,trnfM-CAU,rps14,psaB,psaA,ycf3,trnS-GGA,rps4,trnT-UGU,trnL-UAA,trnF-GAA,ndhJ,ndhK,ndhC,trnV-UAC,trnM-CAU,atpE,atpB,rbcL,trnR-CCG,accD,psaI,ycf4,cemA,petA,psbJ,psbL,psbF,psbE,petL,petG,trnW-CCA,trnP-UGG,psaJ,rpl33,rps18,rpl20,rps12,rps12,clpP,psbB,psbT,psbN,psbH,petB,petD,rpoA,rps11,rpl36,infA,rps8,rpl14,rpl16,rps3,rpl22,rps19,rpl2,rpl23,trnI-CAU,trnV-GAC,rrn16,trnI-GAU,trnA-UGC,rrn23,rrn4.5,rrn5,trnR-ACG,trnN-GUU,ndhF,rpl21,rpl32,cysT,trnL-UAG,ccsA,ndhD,psaC,ndhE,ndhG,ndhI,ndhA,ndhH,rps15,ycf1-2,ycf1,chlN,chlL,trnN-GUU,trnR-ACG,5S,4.5S,23S,trnA-UGC,trnI-GAU,rrn16,trnV-GAC",133
https://www.ncbi.nlm.nih.gov/Taxonomy/Browser/wwwtax.cgi?id=280810,psbB,1
https://www.ncbi.nlm.nih.gov/Taxonomy/Browser/wwwtax.cgi?id=1480154,rps4,1
https://www.ncbi.nlm.nih.gov/Taxonomy/Browser/wwwtax.cgi?id=304445,"rps7,ndhB,trnL-CAA,psbM,ycf66,petN,trnC-GCA,rpoB,rpoC1,rpoC2,rps2,atpI,atpH,atpF,atpA,trnR-UCU,trnG-UCC,ycf12,psaM,trnS-GCU,psbI,trnS-GCA,psbK,trnQ-UUG,chlB,trnK-UUU,matK,psbA,trnH-GUG,ycf2,trnD-GUC,trnY-GUA,trnE-UUC,cysA,trnT-GGU,psbD,psbC,trnS-UGA,psbZ,trnG-GCC,trnM-CAU,rps14,psaB,psaA,ycf3,trnS-GGA,rps4,trnT-UGU,trnL-UAA,trnF-GAA,ndhJ,ndhK,ndhC,trnV-UAC,trnM-CAU,atpE,atpB,rbcL,trnR-CCG,accD,psaI,ycf4,cemA,petA,psbJ,psbL,psbF,psbE,petL,petG,trnW-CCA,trnP-UGG,psaJ,rpl33,rps18,rpl20,rps12,rps12,clpP,psbB,psbT,psbN,psbH,petB,petD,rpoA,rps11,rpl36,infA,rps8,rpl14,rpl16,rps3,rpl22,rps19,rpl2,rpl23,trnM-CAU,trnV-GAC,16rrn,trnI-GAU,trnA-UGC,23rrn,4.5rrn,5rrn,trnR-ACG,trnN-GUU,ndhF,rpl21,rpl32,cysT,trnP-GGG,trnL-UAG,ccsA,ndhD,psaC,ndhE,ndhG,ndhI,ndhA,ndhH,rps15,ycf1-2,ycf1-1,chlN,chlL,trnN-GUU,trnR-ACG,5rrn,4.5rrn,23rrn,trnA-UGC,trnI-GAU,16rrn,trnV-GAC",135
https://www.ncbi.nlm.nih.gov/Taxonomy/Browser/wwwtax.cgi?id=1480154,rps4,1
https://www.ncbi.nlm.nih.gov/Taxonomy/Browser/wwwtax.cgi?id=460920,cysA,1
https://www.ncbi.nlm.nih.gov/Taxonomy/Browser/wwwtax.cgi?id=280810,"psbK,psbI",2
https://www.ncbi.nlm.nih.gov/Taxonomy/Browser/wwwtax.cgi?id=1480152,psbA,1
https://www.ncbi.nlm.nih.gov/Taxonomy/Browser/wwwtax.cgi?id=280810,"psbK,psbI",2
https://www.ncbi.nlm.nih.gov/Taxonomy/Browser/wwwtax.cgi?id=215256,"rps7,ndhB,trnL-CAA,psbM,ycf66,petN,trnC-GCA,rpoB,rpoC1,rpoC2,rps2,atpI,atpH,atpF,atpA,trnR-UCU,trnG-UCC,ycf12,psaM,trnS-GCU,psbl,psbK,trnQ-UUG,chlB,trnK-UUU,matK,psbA,trnH-GUG,ycf2,trnD-GUC,trnY-GUA,trnE-UUC,trnT-GGU,psbD,psbC,trnS-UGA,psbZ,trnG-GCC,trnfM-CAU,rps14,psaB,psaA,pafI,trnS-GGA,rps4,trnT-UGU,trnL-UAA,trnF-GAA,ndhJ,ndhK,ndhC,trnV-UAC,trnM-CAU,atpE,atpB,rbcL,trnR-CCG,accD,psal,pafII,cemA,petA,psbJ,psbL,psbF,psbE,petL,petG,trnW-CCA,trnP-UGG,psaJ,rpl33,rps18,rpl20,rps12,rps12,clpP,psbB,psbT,psbN,psbH,petB,petD,rpoA,rps11,rpl36,infA,rps8,rpl14,rpl16,rps3,rpl22,rps19,rpl2,rpl23,trnI-CAU,trnV-GAC,16S,trnI-GAU,trnA-UGC,rrn23,rrn4.5,rrn5,trnR-ACG,trnN-GUU,ndhF,rpl21,rpl32,trnL-UAG,ccsA,ndhD,psaC,ndhE,ndhG,ndhl,ndhA,ndhH,rps15,ORF474,ycf1,chlN,chlL,trnN-GUU,trnR-ACG,5S,4.5S,23S,trnA-UGC,trnI-GAU,16S,trnV-GAC",131
https://www.ncbi.nlm.nih.gov/Taxonomy/Browser/wwwtax.cgi?id=357981,"rps7,ndhB,trnL-CAA,psbM,ycf66,petN,trnC-GCA,rpoB,rpoC1,rpoC2,rps2,atpI,atpH,atpF,atpA,trnR-UCU,trnG-GCC,ycf12,psaM,trnS-GCU,psbI,psbK,trnQ-UUG,chlB,trnK-UUU,matK,psbA,trnH-GUG,ycf2,trnD-GUC,trnY-GUA,trnE-UGA,cysA,trnT-GGU,psbD,psbC,trnS-GGA,psbZ,trnG-UCC,trnfM-CAU,rps14,psaB,psaA,ycf3,trnS-UGA,rps4,trnT-UGU,trnL-UAA,trnF-GAA,ndhJ,ndhK,ndhC,trnV-UAC,trnM-CAU,atpE,atpB,rbcL,trnR-CCG,accD,psaI,ycf4,cemA,petA,psbJ,psbL,psbF,psbE,petL,petG,trnW-CCA,trnP-UGG,psaJ,rpl33,rps18,rpl20,rps12,rps12,clpP,psbB,psbT,psbN,psbH,petB,petD,rpoA,rps11,rpl36,infA,rps8,rpl14,rpl16,rps3,rpl22,rps19,rpl2,rpl23,rps7,trnV-GAC,rrn16,trnI-GAU,trnA-UGC,rrn23,rrn4.5,rrn5,trnR-ACG,trnN-GUU,ndhF,rpl21,rpl32,cysT,trnL-UAG,ccsA,ndhD,psaC,ndhE,ndhG,ndhI,ndhA,ndhH,rps15,ycf1,chlN,chlL,trnN-GUU,trnR-ACG,rrn5,rrn4.5,rrn23,trnA-UGC,trnI-GAU,rrn16,trnV-GAC",132
https://www.ncbi.nlm.nih.gov/Taxonomy/Browser/wwwtax.cgi?id=280810,psbD,1
https://www.ncbi.nlm.nih.gov/Taxonomy/Browser/wwwtax.cgi?id=1480154,rps4,1
https://www.ncbi.nlm.nih.gov/Taxonomy/Browser/wwwtax.cgi?id=1480153,rps4,1
https://www.ncbi.nlm.nih.gov/Taxonomy/Browser/wwwtax.cgi?id=2846780,"rps7,ndhB,trnL-CAA,psbM,ycf66,petN,trnC-GCA,rpoB,rpoC1,rpoC2,rps2,atpI,atpH,atpF,atpA,trnR-UCU,trnG-GCC,ycf12,psaM,trnS-GCU,psbI,psbK,trnQ-UUG,chlB,trnK-UUU,matK,psbA,trnH-GUG,ycf2,trnD-GUC,trnY-GUA,trnE-UUC,trnT-GGU,psbD,psbC,trnS-UGA,psbZ,trnG-UCC,trnfM-CAU,rps14,psaB,psaA,ycf3,trnS-GGA,rps4,trnT-UGU,trnL-UAA,trnF-GAA,ndhJ,ndhK,ndhC,trnV-UAC,trnM-CAU,atpE,atpB,rbcL,trnR-CCG,accD,psaI,ycf4,cemA,petA,psbJ,psbL,psbF,psbE,petL,petG,trnW-CCA,trnP-UGG,psaJ,rpl33,rps18,rpl20,rps12,rps12,clpP,psbB,psbT,psbN,psbH,petB,petD,rpoA,rps11,rpl36,infA,rps8,rpl14,rpl16,rps3,rpl22,rps19,rpl2,rpl23,trnI-CAU,trnV-GAC,rrn16,trnI-GAU,trnA-UGC,rrn23,rrn4.5,rrn5,trnR-ACG,trnN-GUU,ndhF,rpl21,rpl32,trnL-UAG,ccsA,ndhD,psaC,ndhE,ndhG,ndhI,ndhA,ndhH,rps15,ycf1-2,ycf1,chlN,chlL,trnN-GUU,trnR-ACG,5S,4.5S,23S,trnA-UGC,trnI-GAU,rrn16,trnV-GAC",131
https://www.ncbi.nlm.nih.gov/Taxonomy/Browser/wwwtax.cgi?id=1480152,matK,1
https://www.ncbi.nlm.nih.gov/Taxonomy/Browser/wwwtax.cgi?id=460916,petN,1
https://www.ncbi.nlm.nih.gov/Taxonomy/Browser/wwwtax.cgi?id=460914,cysA,1
https://www.ncbi.nlm.nih.gov/Taxonomy/Browser/wwwtax.cgi?id=280810,rbcL,1
https://www.ncbi.nlm.nih.gov/Taxonomy/Browser/wwwtax.cgi?id=460917,"ndhC,ndhK,ndhJ",3
https://www.ncbi.nlm.nih.gov/Taxonomy/Browser/wwwtax.cgi?id=280810,psbB,1
https://www.ncbi.nlm.nih.gov/Taxonomy/Browser/wwwtax.cgi?id=39026,cysA,1
https://www.ncbi.nlm.nih.gov/Taxonomy/Browser/wwwtax.cgi?id=280810,petL,1
https://www.ncbi.nlm.nih.gov/Taxonomy/Browser/wwwtax.cgi?id=41839,"rps7,ndhB,trnL-CAA,psbM,ycf66,petN,trnC-GCA,rpoB,rpoC1,rpoC2,rps2,atpI,atpH,atpF,atpA,trnR-UCU,trnG-GCC,ycf12,psaM,trnS-GCU,psbI,psbK,trnQ-UUG,chlB,trnK-UUU,matK,psbA,trnH-GUG,ycf2,trnD-GUC,trnY-GUA,trnE-UGA,cysA,trnT-GGU,psbD,psbC,trnS-GGA,psbZ,trnG-UCC,trnfM-CAU,rps14,psaB,psaA,ycf3,trnS-UGA,rps4,trnT-UGU,trnL-UAA,trnF-GAA,ndhJ,ndhK,ndhC,trnV-UAC,trnM-CAU,atpE,atpB,rbcL,trnR-CCG,accD,psaI,ycf4,cemA,petA,psbJ,psbL,psbF,psbE,petL,petG,trnW-CCA,trnP-UGG,psaJ,rpl33,rps18,rpl20,rps12,rps12,clpP,psbB,psbT,psbN,psbH,petB,petD,rpoA,rps11,rpl36,infA,rps8,rpl14,rpl16,rps3,rpl22,rps19,rpl2,rpl23,trnV-GAC,rrn16,trnI-GAU,trnA-UGC,rrn23,rrn4.5,rrn5,trnR-ACG,trnN-GUU,ndhF,rpl21,rpl32,cysT,trnL-UAG,ccsA,ndhD,psaC,ndhE,ndhG,ndhI,ndhA,ndhH,rps15,ycf1,chlN,chlL,trnN-GUU,trnR-ACG,rrn5,rrn4.5,rrn23,trnA-UGC,trnI-GAU,rrn16,trnV-GAC",131
https://www.ncbi.nlm.nih.gov/Taxonomy/Browser/wwwtax.cgi?id=460915,"psbK,psbI",2
https://www.ncbi.nlm.nih.gov/Taxonomy/Browser/wwwtax.cgi?id=280810,"rps7,ndhB,trnL-CAA,psbM,petN,trnC-GCA,rpoB,rpoC1,rpoC2,rps2,atpI,atpH,atpF,atpA,trnR-UCU,trnG-UCC,ycf12,psaM,trnS-GCU,psbI,psbK,trnQ-UUG,chlB,trnK-UUU,matK,psbA,trnH-GUG,ycf2,trnD-GUC,trnY-GUA,trnE-UUC,cysA,trnT-GGU,psbD,psbC,trnS-UGA,psbZ,trnG-GCC,trnfM-CAU,rps14,psaB,psaA,ycf3,trnS-GGA,rps4,trnT-UGU,trnL-UAA,trnF-GAA,ndhJ,ndhC,trnV-UAC,trnV-UAC,trnM-CAU,atpE,atpB,rbcL,trnR-CCG,accD,psaI,ycf4,cemA,petA,psbJ,psbL,psbF,petL,psbE,petG,trnW-CCA,trnP-UGG,psaJ,rpl33,rps18,rpl20,rps12,rps12,rps12,clpP,psbB,psbT,psbN,psbH,petB,petD,rpoA,rps11,rpl36,infA,rps8,rpl14,rpl16,rps3,rpl22,rps19,rpl2,rpl23,trnI-CAU,trnV-GAC,rrn16,trnI-GAU,ycf68,trnA-UGC,rrn23,rrn4.5,rrn5,trnR-ACG,trnN-GUU,ndhF,rpl21,rpl32,cysT,trnL-UAG,ccsA,ndhD,psaC,ndhE,rps15,ycf1,chlN,chlL,trnN-GUU,trnR-ACG,rrn5,rrn4.5,rrn23,trnA-UGC,trnI-GAU,ycf68,rrn16,trnV-GAC",130
https://www.ncbi.nlm.nih.gov/Taxonomy/Browser/wwwtax.cgi?id=460917,"psbK,psbI",2
https://www.ncbi.nlm.nih.gov/Taxonomy/Browser/wwwtax.cgi?id=56867,"rps12,rps7,ndh2,rpoB,rpoC1,rpoC2,rps2,atpI,atpH,atpF,atpA,psbA,mbpX,psbD,psbC,ORF62,rps14,psaB,psaA,rps4,psbG,ndh3,atpE,atpB,rbcL,petA,psbF,psbE,rpl33,rps18,rpl20,rps12,psbB,petB,petD,rpoA,rps11,secX,infA,rps8,rpl14,rpl16,rps3,rpl22,rps19,rpl23,IRB region,16S rRNA,23S rRNA,4.5S rRNA,5S rRNA,ndh5,small single-copy region (SSC),rpl21,ndh4,frxA,ndh4L,frxB,ndh1,rps15,frxC,IRA region,5S rRNA,4.5S rRNA,23S rRNA,16S rRNA",66
https://www.ncbi.nlm.nih.gov/Taxonomy/Browser/wwwtax.cgi?id=280810,psbM,1
https://www.ncbi.nlm.nih.gov/Taxonomy/Browser/wwwtax.cgi?id=280810,cysA,1
https://www.ncbi.nlm.nih.gov/Taxonomy/Browser/wwwtax.cgi?id=280810,cysA,1
https://www.ncbi.nlm.nih.gov/Taxonomy/Browser/wwwtax.cgi?id=460916,psbM,1
https://www.ncbi.nlm.nih.gov/Taxonomy/Browser/wwwtax.cgi?id=280810,psbD,1
https://www.ncbi.nlm.nih.gov/Taxonomy/Browser/wwwtax.cgi?id=1480152,psbA,1
https://www.ncbi.nlm.nih.gov/Taxonomy/Browser/wwwtax.cgi?id=280810,cysA,1
https://www.ncbi.nlm.nih.gov/Taxonomy/Browser/wwwtax.cgi?id=460914,psbB,1
https://www.ncbi.nlm.nih.gov/Taxonomy/Browser/wwwtax.cgi?id=1133303,"rps7,ndhB,tRNA,psbM,ycf66,petN,trnC-GCA,rpoB,rpoC1,rpoC2,rps2,atpI,atpH,atpF,atpA,trnR-UCU,trnG-GCC,ycf12,psaM,trnS-GCU,psbl,psbK,trnQ-UUG,chlB,trnK,matK,psbA,trnH-GUG,ycf2,trnD-GUC,trnY-GUA,trnE-UGA,trnT-GGU,psbD,psbC,trnS-GGA,psbZ,trnG-UCC,trnfM-CAU,rps14,psaB,psaA,ycf3,trnS-UGA,rps4,trnT-UGU,trnL-UAA,trnF-GAA,ndhJ,ndhK,ndhC,trnV-UAC,trnM-CAU,atpE,atpB,rbcL,trnR-CCG,accD,psal,ycf4,cemA,petA,psbJ,psbL,psbF,psbE,petL,petG,trnW-CCA,trnP-UGG,psaJ,rpl33,rps18,rpl20,rps12,rps12,clpP,psbB,psbT,psbN,psbH,petB,petD,rpoA,rps11,rpl36,infA,rps8,rpl14,rpl16,rps3,rpl22,rps19,rpl2,rpl23,trnI-CAU,trnV-GAC,16S,trnI-GAU,ycf68,trnA-UGC,rrn23,rrn4.5,rrn5,trnR-ACG,trnN-GUU,ndhF,rpl21,rpl32,trnL-UAG,ccsA,ndhD,psaC,ndhE,ndhG,ndhl,ndhA,ndhH,rps15,ycf1,chlN,chlL,trnN-GUU,trnR-ACG,5S,4.5S,23S,trnA-UGC,trnI-GAU,ycf68,16S,trnV-GAC",132
https://www.ncbi.nlm.nih.gov/Taxonomy/Browser/wwwtax.cgi?id=460913,psbB,1
https://www.ncbi.nlm.nih.gov/Taxonomy/Browser/wwwtax.cgi?id=39026,psbM,1
https://www.ncbi.nlm.nih.gov/Taxonomy/Browser/wwwtax.cgi?id=209816,"rps7,ndhB,trnL-CAA,psbM,ycf66,petN,trnC-GCA,rpoB,rpoC1,rpoC2,rps2,atpI,atpH,atpF,atpA,trnR-UCU,trnG-UCC,ycf12,psaM,trnS-GCU,psbI,psbK,trnQ-UUG,chlB,trnK-UUU,matK,psbA,trnH-GUG,ycf2,trnD-GUC,trnY-GUA,trnE-UUC,trnT-GGU,psbD,psbC,trnS-UGA,psbZ,trnG-GCC,trnfM-CAU,rps14,psaB,psaA,pafI,trnS-GGA,rps4,trnT-UGU,trnL-UAA,trnF-GAA,ndhJ,ndhK,ndhC,trnV-UAC,trnM-CAU,atpE,atpB,rbcL,trnR-CCG,accD,psal,pafII,cemA,petA,psbJ,psbL,psbF,psbE,petL,petG,trnW-CCA,trnP-UGG,psaJ,rpl33,rps18,rpl20,rps12,rps12,clpP,psbB,psbT,psbN,psbH,petB,petD,rpoA,rps11,rpl36,infA,rps8,rpl14,rpl16,rps3,rpl22,rps19,rpl2,rpl23,trnI-CAU,trnV-GAC,16S,trnI-GAU,trnA-UGC,rrn23,rrn4.5,rrn5,trnR-ACG,trnN-GUU,ndhF,rpl21,rpl32,trnL-UAG,ccsA,ndhD,psaC,ndhE,ndhG,ndhl,ndhA,ndhH,rps15,ORF474,ycf1,chlN,chlL,trnN-GUU,trnR-ACG,5S,4.5S,23S,trnA-UGC,trnI-GAU,16S,trnV-GAC",131
https://www.ncbi.nlm.nih.gov/Taxonomy/Browser/wwwtax.cgi?id=414042,rbcL,1
https://www.ncbi.nlm.nih.gov/Taxonomy/Browser/wwwtax.cgi?id=215262,"rps7,ndhB,tRNA,psbM,ycf66,petN,trnC-GCA,rpoB,rpoC1,rpoC2,rps2,atpI,atpH,atpF,atpA,trnR-UCU,trnG-GCC,ycf12,psaM,trnS-GCU,psbl,psbK,trnQ-UUG,chlB,trnK,matK,psbA,trnH-GUG,ycf2,trnD-GUC,trnY-GUA,trnE-UGA,cysA,trnT-GGU,psbD,psbC,trnS-GGA,psbZ,trnG-UCC,trnfM-CAU,rps14,psaB,psaA,ycf3,trnS-UGA,rps4,trnT-UGU,trnL-UAA,trnF-GAA,ndhJ,ndhK,ndhC,trnV-UAC,trnM-CAU,atpE,atpB,rbcL,trnR-CCG,accD,psal,ycf4,cemA,petA,psbJ,psbL,psbF,psbE,petL,petG,trnW-CCA,trnP-UGG,psaJ,rpl33,rps18,rpl20,rps12,rps12,clpP,psbB,psbT,psbN,psbH,petB,petD,rpoA,rps11,rpl36,infA,rps8,rpl14,rpl16,rps3,rpl22,rps19,rpl2,rpl23,trnI-CAU,trnV-GAC,16S,trnI-GAU,trnA-UGC,rrn23,rrn4.5,rrn5,trnR-ACG,trnN-GUU,ndhF,rpl21,rpl32,trnL-UAG,ccsA,ndhD,psaC,ndhE,ndhG,ndhI,ndhA,ndhH,rps15,ycf1,chlN,chlL,trnN-GUU,trnR-ACG,5S,4.5S,23S,trnA-UGC,trnI-GAU,16S,psbZ",131
https://www.ncbi.nlm.nih.gov/Taxonomy/Browser/wwwtax.cgi?id=56917,"rps7,ndhB,psbM,ycf66,petN,rpoB,rpoC1,rpoC2,rps2,atpI,atpH,atpF,atpA,ycf12,psaM,psbI,psbK,chlB,matK,psbA,ycf2,cysA,psbD,psbC,psbZ,rps14,psaB,psaA,pafI,rps4,ndhJ,ndhK,ndhC,atpE,atpB,rbcL,accD,psaI,pafII,cemA,petA,psbJ,psbL,psbF,psbE,petL,petG,psaJ,rpl33,rps18,rpl20,rps12,rps12,clpP,psbB,psbT,psbN,psbH,petB,petD,rpoA,rps11,rpl36,infA,rps8,rpl14,rpl16,rps3,rpl22,rps19,rpl2,rpl23,ndhF,rpl21,rpl32,cysT,ccsA,ndhD,psaC,ndhE,ndhG,ndhI,ndhA,ndhH,rps15,ycf1,tic214,chlN,chlL",89
https://www.ncbi.nlm.nih.gov/Taxonomy/Browser/wwwtax.cgi?id=39026,"rpl32,cysT",2
https://www.ncbi.nlm.nih.gov/Taxonomy/Browser/wwwtax.cgi?id=2846789,"rps7,ndhB,trnL-CAA,psbM,ycf66,petN,trnC-GCA,rpoB,rpoC1,rpoC2,rps2,atpI,atpH,atpF,atpA,trnR-UCU,trnG-GCC,ycf12,psaM,trnS-GCU,psbI,psbK,trnQ-UUG,chlB,trnK-UUU,matK,psbA,trnH-GUG,ycf2,trnD-GUC,trnY-GUA,trnE-UUC,trnT-GGU,psbD,psbC,trnS-UGA,psbZ,trnG-UCC,trnfM-CAU,rps14,psaB,psaA,ycf3,trnS-GGA,rps4,trnT-UGU,trnL-UAA,trnF-GAA,ndhJ,ndhK,ndhC,trnV-UAC,trnM-CAU,atpE,atpB,rbcL,trnR-CCG,accD,psaI,ycf4,cemA,petA,psbJ,psbL,psbF,psbE,petL,petG,trnW-CCA,trnP-UGG,psaJ,rpl33,rps18,rpl20,rps12,rps12,clpP,psbB,psbT,psbN,psbH,petB,petD,rpoA,rps11,rpl36,infA,rps8,rpl14,rpl16,rps3,rpl22,rps19,rpl2,rpl23,trnI-CAU,trnV-GAC,rrn16,trnI-GAU,trnA-UGC,rrn23,rrn4.5,rrn5,trnR-ACG,trnN-GUU,ndhF,rpl21,rpl32,cysT,trnL-UAG,ccsA,ndhD,psaC,ndhE,ndhG,ndhI,ndhA,ndhH,rps15,ycf1-2,ycf1,chlN,chlL,trnN-GUU,trnR-ACG,5S,4.5S,23S,trnA-UGC,trnI-GAU,rrn16,trnV-GAC",132
https://www.ncbi.nlm.nih.gov/Taxonomy/Browser/wwwtax.cgi?id=39026,"rps12,rps7,ndhB,trnL-CAA,psbM,petN,trnC-GCA,rpoB,rpoC1,rpoC2,rps2,atpI,atpH,atpF,atpA,trnR-UCU,ycf12,psaM,trnS-GCU,psbI,psbK,trnQ-UUG,chlB,trnK-UUU,matK,psbA,trnH-GUG,ycf2,trnD-GUC,trnY-GUA,trnE-UUC,trnT-GGU,psbC,trnS-UGA,psbZ,trnG-GCC,trnfM-CAU,rps14,psaB,psaA,ycf3,trnS-GGA,rps4,trnT-UGU,trnL-UAA,trnF-GAA,ndhJ,ndhK,ndhC,trnV-UAC,trnM-CAU,atpE,atpB,rbcL,trnR-CCG,accD,psaI,ycf4,cemA,petA,psbJ,psbL,psbF,psbE,petL,petG,trnW-CCA,trnP-UGG,psaJ,rpl33,rps18,rpl20,clpP,psbB,psbT,psbN,psbH,petB,petD,rpoA,rps11,rpl36,infA,rps8,rpl14,rpl16,rps3,rpl22,rps19,rpl2,rpl23,trnI-CAU,trnV-GAC,rrn16,trnI-GAU,trnA-UGC,rrn23,rrn4.5,rrn5,trnR-ACG,trnN-GUU,ndhF,rpl21,rpl32,cysT,trnL-UAG,ndhD,psaC,ndhG,ndhI,ndhA,ndhH,rps15,ycf1,chlN,chlL,trnN-GUU,trnR-ACG,rrn5,rrn4.5,rrn23,trnA-UGC,trnI-GAU,rrn16,trnV-GAC",125
https://www.ncbi.nlm.nih.gov/Taxonomy/Browser/wwwtax.cgi?id=1480154,psbA,1
https://www.ncbi.nlm.nih.gov/Taxonomy/Browser/wwwtax.cgi?id=460922,petN,1
https://www.ncbi.nlm.nih.gov/Taxonomy/Browser/wwwtax.cgi?id=39026,"rpl32,cysT",2
https://www.ncbi.nlm.nih.gov/Taxonomy/Browser/wwwtax.cgi?id=215262,"rps7,ndhB,tRNA,psbM,ycf66,petN,trnC-GCA,rpoB,rpoC1,rpoC2,rps2,atpI,atpH,atpF,atpA,trnR-UCU,trnG-GCC,ycf12,psaM,trnS-GCU,psbl,psbK,trnQ-UUG,chlB,trnK,matK,psbA,trnH-GUG,ycf2,trnD-GUC,trnY-GUA,trnE-UGA,cysA,trnT-GGU,psbD,psbC,trnS-GGA,psbZ,trnG-UCC,trnfM-CAU,rps14,psaB,psaA,ycf3,trnS-UGA,rps4,trnT-UGU,trnL-UAA,trnF-GAA,ndhJ,ndhK,ndhC,trnV-UAC,trnM-CAU,atpE,atpB,rbcL,trnR-CCG,accD,psal,ycf4,cemA,petA,psbJ,psbL,psbF,psbE,petL,petG,trnW-CCA,trnP-UGG,psaJ,rpl33,rps18,rpl20,rps12,rps12,clpP,psbB,psbT,psbN,psbH,petB,petD,rpoA,rps11,rpl36,infA,rps8,rpl14,rpl16,rps3,rpl22,rps19,rpl2,rpl23,trnI-CAU,trnV-GAC,16S,trnI-GAU,trnA-UGC,rrn23,rrn4.5,rrn5,trnR-ACG,trnN-GUU,ndhF,rpl21,rpl32,trnL-UAG,ccsA,ndhD,psaC,ndhE,ndhG,ndhI,ndhA,ndhH,rps15,ycf1,chlN,chlL,trnN-GUU,trnR-ACG,5S,4.5S,23S,trnA-UGC,trnI-GAU,16S,psbZ",131
https://www.ncbi.nlm.nih.gov/Taxonomy/Browser/wwwtax.cgi?id=269546,petA,1
https://www.ncbi.nlm.nih.gov/Taxonomy/Browser/wwwtax.cgi?id=93925,psbA,1
https://www.ncbi.nlm.nih.gov/Taxonomy/Browser/wwwtax.cgi?id=399523,"rps7,ndhB,trnL-CAA,psbM,ycf66,petN,trnC-GCA,rpoB,rpoC1,rpoC2,rps2,atpI,atpH,atpF,atpA,trnR-UCU,trnG-GCC,ycf12,psaM,trnS-GCU,psbI,psbK,trnQ-UUG,chlB,trnK-UUU,matK,psbA,trnH-GUG,ycf2,trnD-GUC,trnY-GUA,trnE-UUC,cysA,trnT-GGU,psbD,psbC,trnS-UGA,psbZ,trnG-UCC,trnfM-CAU,rps14,psaB,psaA,ycf3,trnS-GGA,rps4,trnT-UGU,trnL-UAA,trnF-GAA,ndhJ,ndhK,ndhC,trnV-UAC,trnM-CAU,atpE,atpB,rbcL,trnR-CCG,accD,psaI,ycf4,cemA,petA,psbJ,psbL,psbF,psbE,petL,petG,trnW-CCA,trnP-UGG,psaJ,rpl33,rps18,rpl20,rps12,rps12,clpP,psbB,psbT,psbN,psbH,petB,petD,rpoA,rps11,rpl36,infA,rps8,rpl14,rpl16,rps3,rpl22,rps19,rpl2,rpl23,trnI-CAU,trnV-GAC,rrn16,trnI-GAU,trnA-UGC,rrn23,rrn4.5,rrn5,trnR-ACG,trnN-GUU,ndhF,rpl21,rpl32,cysT,trnL-UAG,ccsA,ndhD,psaC,ndhE,ndhG,ndhI,ndhA,ndhH,rps15,ycf1-2,ycf1,chlN,chlL,trnN-GUU,trnR-ACG,5S,4.5S,23S,trnA-UGC,trnI-GAU,rrn16,trnV-GAC",133
https://www.ncbi.nlm.nih.gov/Taxonomy/Browser/wwwtax.cgi?id=460917,psbB,1
https://www.ncbi.nlm.nih.gov/Taxonomy/Browser/wwwtax.cgi?id=280810,"rpl32,cysT",2
https://www.ncbi.nlm.nih.gov/Taxonomy/Browser/wwwtax.cgi?id=280810,petA,1
https://www.ncbi.nlm.nih.gov/Taxonomy/Browser/wwwtax.cgi?id=1480153,matK,1
https://www.ncbi.nlm.nih.gov/Taxonomy/Browser/wwwtax.cgi?id=280810,petA,1
https://www.ncbi.nlm.nih.gov/Taxonomy/Browser/wwwtax.cgi?id=209816,"rps7,ndhB,trnL-CAA,psbM,ycf66,petN,trnC-GCA,rpoB,rpoC1,rpoC2,rps2,atpI,atpH,atpF,atpA,trnR-UCU,trnG-UCC,ycf12,psaM,trnS-GCU,psbI,psbK,trnQ-UUG,chlB,trnK-UUU,matK,psbA,trnH-GUG,ycf2,trnD-GUC,trnY-GUA,trnE-UUC,trnT-GGU,psbD,psbC,trnS-UGA,psbZ,trnG-GCC,trnfM-CAU,rps14,psaB,psaA,pafI,trnS-GGA,rps4,trnT-UGU,trnL-UAA,trnF-GAA,ndhJ,ndhK,ndhC,trnV-UAC,trnM-CAU,atpE,atpB,rbcL,trnR-CCG,accD,psal,pafII,cemA,petA,psbJ,psbL,psbF,psbE,petL,petG,trnW-CCA,trnP-UGG,psaJ,rpl33,rps18,rpl20,rps12,rps12,clpP,psbB,psbT,psbN,psbH,petB,petD,rpoA,rps11,rpl36,infA,rps8,rpl14,rpl16,rps3,rpl22,rps19,rpl2,rpl23,trnI-CAU,trnV-GAC,16S,trnI-GAU,trnA-UGC,rrn23,rrn4.5,rrn5,trnR-ACG,trnN-GUU,ndhF,rpl21,rpl32,trnL-UAG,ccsA,ndhD,psaC,ndhE,ndhG,ndhl,ndhA,ndhH,rps15,ORF474,ycf1,chlN,chlL,trnN-GUU,trnR-ACG,5S,4.5S,23S,trnA-UGC,trnI-GAU,16S,trnV-GAC",131
https://www.ncbi.nlm.nih.gov/Taxonomy/Browser/wwwtax.cgi?id=1480154,rps4,1
https://www.ncbi.nlm.nih.gov/Taxonomy/Browser/wwwtax.cgi?id=41844,"rps7,ndhB,trnL-CAA,psbM,ycf66,trnC-GCA,rpoB,rpoC1,rpoC2,rps2,atpI,atpH,atpF,atpA,trnR-UCU,trnG-UCC,ycf12,psaM,trnS-GCU,psbI,psbK,trnQ-UUG,chlB,trnK-UUU,matK,psbA,trnH-GUG,ycf2,trnD-GUC,trnY-GUA,trnE-UUC,cysA,trnT-GGU,psbD,psbC,trnS-UGA,psbZ,trnG-GCC,tRNA-fMet-CAU,rps14,psaB,psaA,pafI,trnS-GGA,rps4,trnT-UGU,trnL-UAA,trnF-GAA,ndhJ,ndhK,ndhC,trnV-UAC,trnM-CAU,atpE,atpB,rbcL,trnR-CCG,accD,psaI,pafII,cemA,petA,psbJ,psbL,psbF,psbE,petL,petG,trnW-CCA,trnP-UGG,psaJ,rpl33,rps18,rpl20,rps12,rps12,clpP,psbB,psbT,psbN,psbH,petB,petD,rpoA,rps11,rpl36,infA,rps8,rpl14,rpl16,rps3,rpl22,rps19,rpl2,rpl23,trnI-CAU,trnV-GAC,trnI-GAU,trnA-UGC,trnR-ACG,trnN-GUU,ndhF,rpl21,rpl32,cysT,trnL-UAG,ccsA,ndhD,psaC,ndhE,ndhG,ndhI,ndhA,ndhH,rps15,tic214,chlN,chlL,trnN-GUU,trnR-ACG,trnA-UGC,trnI-GAU,trnV-GAC",123
https://www.ncbi.nlm.nih.gov/Taxonomy/Browser/wwwtax.cgi?id=93925,psbA,1
https://www.ncbi.nlm.nih.gov/Taxonomy/Browser/wwwtax.cgi?id=39026,"psbK,psbI",2
https://www.ncbi.nlm.nih.gov/Taxonomy/Browser/wwwtax.cgi?id=39026,"rpl32,cysT",2
https://www.ncbi.nlm.nih.gov/Taxonomy/Browser/wwwtax.cgi?id=1133303,"rps7,ndhB,tRNA,psbM,ycf66,petN,trnC-GCA,rpoB,rpoC1,rpoC2,rps2,atpI,atpH,atpF,atpA,trnR-UCU,trnG-GCC,ycf12,psaM,trnS-GCU,psbl,psbK,trnQ-UUG,chlB,trnK,matK,psbA,trnH-GUG,ycf2,trnD-GUC,trnY-GUA,trnE-UGA,trnT-GGU,psbD,psbC,trnS-GGA,psbZ,trnG-UCC,trnfM-CAU,rps14,psaB,psaA,ycf3,trnS-UGA,rps4,trnT-UGU,trnL-UAA,trnF-GAA,ndhJ,ndhK,ndhC,trnV-UAC,trnM-CAU,atpE,atpB,rbcL,trnR-CCG,accD,psal,ycf4,cemA,petA,psbJ,psbL,psbF,psbE,petL,petG,trnW-CCA,trnP-UGG,psaJ,rpl33,rps18,rpl20,rps12,rps12,clpP,psbB,psbT,psbN,psbH,petB,petD,rpoA,rps11,rpl36,infA,rps8,rpl14,rpl16,rps3,rpl22,rps19,rpl2,rpl23,trnI-CAU,trnV-GAC,16S,trnI-GAU,ycf68,trnA-UGC,rrn23,rrn4.5,rrn5,trnR-ACG,trnN-GUU,ndhF,rpl21,rpl32,trnL-UAG,ccsA,ndhD,psaC,ndhE,ndhG,ndhl,ndhA,ndhH,rps15,ycf1,chlN,chlL,trnN-GUU,trnR-ACG,5S,4.5S,23S,trnA-UGC,trnI-GAU,ycf68,16S,trnV-GAC",132
https://www.ncbi.nlm.nih.gov/Taxonomy/Browser/wwwtax.cgi?id=280810,"rpl32,cysT",2
https://www.ncbi.nlm.nih.gov/Taxonomy/Browser/wwwtax.cgi?id=460917,petA,1
https://www.ncbi.nlm.nih.gov/Taxonomy/Browser/wwwtax.cgi?id=280810,psbM,1
https://www.ncbi.nlm.nih.gov/Taxonomy/Browser/wwwtax.cgi?id=1480154,rps4,1
https://www.ncbi.nlm.nih.gov/Taxonomy/Browser/wwwtax.cgi?id=39026,"psbK,psbI",2
https://www.ncbi.nlm.nih.gov/Taxonomy/Browser/wwwtax.cgi?id=460920,"psbK,psbI",2
https://www.ncbi.nlm.nih.gov/Taxonomy/Browser/wwwtax.cgi?id=1480153,matK,1
https://www.ncbi.nlm.nih.gov/Taxonomy/Browser/wwwtax.cgi?id=280810,"rpl32,cysT",2
https://www.ncbi.nlm.nih.gov/Taxonomy/Browser/wwwtax.cgi?id=280810,psbM,1
https://www.ncbi.nlm.nih.gov/Taxonomy/Browser/wwwtax.cgi?id=39026,cysA,1
https://www.ncbi.nlm.nih.gov/Taxonomy/Browser/wwwtax.cgi?id=1480152,psbA,1
https://www.ncbi.nlm.nih.gov/Taxonomy/Browser/wwwtax.cgi?id=460916,rbcL,1
https://www.ncbi.nlm.nih.gov/Taxonomy/Browser/wwwtax.cgi?id=1480152,rps4,1
https://www.ncbi.nlm.nih.gov/Taxonomy/Browser/wwwtax.cgi?id=39026,cysA,1
https://www.ncbi.nlm.nih.gov/Taxonomy/Browser/wwwtax.cgi?id=39026,psbC,1
https://www.ncbi.nlm.nih.gov/Taxonomy/Browser/wwwtax.cgi?id=1068553,"rps7,ndhB,tRNA,psbM,ycf66,petN,trnC-GCA,rpoB,rpoC1,rpoC2,rps2,atpI,atpH,atpF,atpA,trnR-UCU,trnG-GCC,ycf12,psaM,trnS-GCU,psbl,psbK,trnQ-UUG,chlB,trnK,matK,psbA,trnH-GUG,ycf2,trnD-GUC,trnY-GUA,trnE-UGA,trnT-GGU,psbD,psbC,trnS-GGA,psbZ,trnG-UCC,trnfM-CAU,rps14,psaB,psaA,ycf3,trnS-UGA,rps4,trnT-UGU,trnL-UAA,trnF-GAA,ndhJ,ndhK,ndhC,trnV-UAC,trnM-CAU,atpE,atpB,rbcL,trnR-CCG,accD,psal,ycf4,cemA,petA,psbJ,psbL,psbF,psbE,petL,petG,trnW-CCA,trnP-UGG,psaJ,rpl33,rps18,rpl20,rps12,rps12,clpP,psbB,psbT,psbN,psbH,petB,petD,rpoA,rps11,rpl36,infA,rps8,rpl14,rpl16,rps3,rpl22,rps19,rpl2,rpl23,trnI-CAU,trnV-GAC,16S,trnI-GAU,ycf68,trnA-UGC,rrn23,rrn4.5,rrn5,trnR-ACG,trnN-GUU,ndhF,rpl21,rpl32,trnL-UAG,ccsA,ndhD,psaC,ndhE,ndhG,ndhl,ndhA,ndhH,rps15,ycf1,chlN,chlL,trnN-GUU,trnR-ACG,5S,4.5S,23S,trnA-UGC,trnI-GAU,ycf68,16S,trnV-GAC",132
https://www.ncbi.nlm.nih.gov/Taxonomy/Browser/wwwtax.cgi?id=1480154,psbA,1
https://www.ncbi.nlm.nih.gov/Taxonomy/Browser/wwwtax.cgi?id=1480154,rps4,1
https://www.ncbi.nlm.nih.gov/Taxonomy/Browser/wwwtax.cgi?id=1480153,psbA,1
https://www.ncbi.nlm.nih.gov/Taxonomy/Browser/wwwtax.cgi?id=280810,"ndhF,trnN",2
https://www.ncbi.nlm.nih.gov/Taxonomy/Browser/wwwtax.cgi?id=1480154,rps4,1
https://www.ncbi.nlm.nih.gov/Taxonomy/Browser/wwwtax.cgi?id=65052,psbM,1
https://www.ncbi.nlm.nih.gov/Taxonomy/Browser/wwwtax.cgi?id=280810,petL,1
https://www.ncbi.nlm.nih.gov/Taxonomy/Browser/wwwtax.cgi?id=1480153,matK,1
https://www.ncbi.nlm.nih.gov/Taxonomy/Browser/wwwtax.cgi?id=39026,psbD,1
https://www.ncbi.nlm.nih.gov/Taxonomy/Browser/wwwtax.cgi?id=39026,"rps12,rps7,ndhB,trnL-CAA,psbM,petN,trnC-GCA,rpoB,rpoC1,rpoC2,rps2,atpI,atpH,atpF,atpA,trnR-UCU,ycf12,psaM,trnS-GCU,psbI,psbK,trnQ-UUG,chlB,trnK-UUU,matK,psbA,trnH-GUG,ycf2,trnD-GUC,trnY-GUA,trnE-UUC,trnT-GGU,psbC,trnS-UGA,psbZ,trnG-GCC,trnfM-CAU,rps14,psaB,psaA,ycf3,trnS-GGA,rps4,trnT-UGU,trnL-UAA,trnF-GAA,ndhJ,ndhK,ndhC,trnV-UAC,trnM-CAU,atpE,atpB,rbcL,trnR-CCG,accD,psaI,ycf4,cemA,petA,psbJ,psbL,psbF,psbE,petL,petG,trnW-CCA,trnP-UGG,psaJ,rpl33,rps18,rpl20,clpP,psbB,psbT,psbN,psbH,petB,petD,rpoA,rps11,rpl36,infA,rps8,rpl14,rpl16,rps3,rpl22,rps19,rpl2,rpl23,trnI-CAU,trnV-GAC,rrn16,trnI-GAU,trnA-UGC,rrn23,rrn4.5,rrn5,trnR-ACG,trnN-GUU,ndhF,rpl21,rpl32,cysT,trnL-UAG,ndhD,psaC,ndhG,ndhI,ndhA,ndhH,rps15,ycf1,chlN,chlL,trnN-GUU,trnR-ACG,rrn5,rrn4.5,rrn23,trnA-UGC,trnI-GAU,rrn16,trnV-GAC",125
https://www.ncbi.nlm.nih.gov/Taxonomy/Browser/wwwtax.cgi?id=1480154,"rps7,ndhB,psbM,ycf66,ORF29,rpoB,rpoC1,rpoC2,rps2,atpI,atpH,atpF,atpA,ycf12,ycf (45),psaM,psbI,psbK,chlB,ORF50,matK,psbA,ycf2,cysA,psbD,psbC,psbZ,rps14,psaB,psaA,pafI,rps4,ndhJ,ndhK,ndhC,atpE,atpB,rbcL,accD,psaI,ycf4,cemA,petA,psbJ,psbL,psbF,psbE,petL,petG,psaJ,rpl3,rps18,rpl20,rps12,rps12,clpP,psbB,psbT,psbN,psbH,petB,petD,rpoA,rps11,rpl36,infA,rps8,rpl14,rpl16,rps3,rpl22,rps19,rpl2,rpl23,ndhF,rpl21,rpl32,cysT,ccsA,ndhD,psaC,ndhE,ndhG,ndhI,ndhA,ndhH,rps15,ycf1a,ycf1b,chlL",90
https://www.ncbi.nlm.nih.gov/Taxonomy/Browser/wwwtax.cgi?id=39026,"psbK,psbI",2
https://www.ncbi.nlm.nih.gov/Taxonomy/Browser/wwwtax.cgi?id=304445,"rps7,ndhB,trnL-CAA,psbM,ycf66,petN,trnC-GCA,rpoB,rpoC1,rpoC2,rps2,atpI,atpH,atpF,atpA,trnR-UCU,trnG-UCC,ycf12,psaM,trnS-GCU,psbI,trnS-GCA,psbK,trnQ-UUG,chlB,trnK-UUU,matK,psbA,trnH-GUG,ycf2,trnD-GUC,trnY-GUA,trnE-UUC,cysA,trnT-GGU,psbD,psbC,trnS-UGA,psbZ,trnG-GCC,trnM-CAU,rps14,psaB,psaA,ycf3,trnS-GGA,rps4,trnT-UGU,trnL-UAA,trnF-GAA,ndhJ,ndhK,ndhC,trnV-UAC,trnM-CAU,atpE,atpB,rbcL,trnR-CCG,accD,psaI,ycf4,cemA,petA,psbJ,psbL,psbF,psbE,petL,petG,trnW-CCA,trnP-UGG,psaJ,rpl33,rps18,rpl20,rps12,rps12,clpP,psbB,psbT,psbN,psbH,petB,petD,rpoA,rps11,rpl36,infA,rps8,rpl14,rpl16,rps3,rpl22,rps19,rpl2,rpl23,trnM-CAU,trnV-GAC,16rrn,trnI-GAU,trnA-UGC,23rrn,4.5rrn,5rrn,trnR-ACG,trnN-GUU,ndhF,rpl21,rpl32,cysT,trnP-GGG,trnL-UAG,ccsA,ndhD,psaC,ndhE,ndhG,ndhI,ndhA,ndhH,rps15,ycf1-2,ycf1-1,chlN,chlL,trnN-GUU,trnR-ACG,5rrn,4.5rrn,23rrn,trnA-UGC,trnI-GAU,16rrn,trnV-GAC",135
https://www.ncbi.nlm.nih.gov/Taxonomy/Browser/wwwtax.cgi?id=1480154,rbcL,1
https://www.ncbi.nlm.nih.gov/Taxonomy/Browser/wwwtax.cgi?id=280810,"psbK,psbI",2
https://www.ncbi.nlm.nih.gov/Taxonomy/Browser/wwwtax.cgi?id=280810,petA,1
https://www.ncbi.nlm.nih.gov/Taxonomy/Browser/wwwtax.cgi?id=39026,petA,1
https://www.ncbi.nlm.nih.gov/Taxonomy/Browser/wwwtax.cgi?id=93925,matK,1
https://www.ncbi.nlm.nih.gov/Taxonomy/Browser/wwwtax.cgi?id=460916,psbB,1
https://www.ncbi.nlm.nih.gov/Taxonomy/Browser/wwwtax.cgi?id=280810,cysA,1
https://www.ncbi.nlm.nih.gov/Taxonomy/Browser/wwwtax.cgi?id=1480154,matK,1
https://www.ncbi.nlm.nih.gov/Taxonomy/Browser/wwwtax.cgi?id=280810,"ndhF,trnN",2
https://www.ncbi.nlm.nih.gov/Taxonomy/Browser/wwwtax.cgi?id=1480152,matK,1
https://www.ncbi.nlm.nih.gov/Taxonomy/Browser/wwwtax.cgi?id=460915,psbC,1
